[2025-09-01 14:43:37,096: INFO: main: Starting the main.py file]
[2025-09-01 16:12:22,220: INFO: common: yaml file: config\config.yaml loaded successfully]
[2025-09-01 16:12:22,234: INFO: common: yaml file: params.yaml loaded successfully]
[2025-09-01 16:13:40,101: INFO: common: yaml file: config\config.yaml loaded successfully]
[2025-09-01 16:13:40,114: INFO: common: yaml file: params.yaml loaded successfully]
[2025-09-01 16:13:40,118: INFO: common: yaml file: schema.yaml loaded successfully]
[2025-09-01 16:13:40,121: INFO: common: created directory at: artifacts]
[2025-09-01 16:13:40,123: INFO: common: created directory at: artifacts/data_ingestion]
[2025-09-01 16:13:40,859: INFO: 2366278714: artifacts/data_ingestion/data.zip download! with following info: 
Date: Mon, 01 Sep 2025 10:43:39 GMT
Content-Type: text/html; charset=utf-8
Vary: X-PJAX, X-PJAX-Container, Turbo-Visit, Turbo-Frame, X-Requested-With,Accept-Encoding, Accept, X-Requested-With
x-repository-download: git clone https://github.com/NarraRanjith/cibil_score_prediction.git
x-raw-download: https://raw.githubusercontent.com/NarraRanjith/cibil_score_prediction/main/dataset/cibil_score_dataset_final.zip
ETag: W/"13db3d370706bf34a2dd959f937df976"
Cache-Control: max-age=0, private, must-revalidate
Strict-Transport-Security: max-age=31536000; includeSubdomains; preload
X-Frame-Options: deny
X-Content-Type-Options: nosniff
X-XSS-Protection: 0
Referrer-Policy: no-referrer-when-downgrade
Content-Security-Policy: default-src 'none'; base-uri 'self'; child-src github.githubassets.com github.com/assets-cdn/worker/ github.com/assets/ gist.github.com/assets-cdn/worker/; connect-src 'self' uploads.github.com www.githubstatus.com collector.github.com raw.githubusercontent.com api.github.com github-cloud.s3.amazonaws.com github-production-repository-file-5c1aeb.s3.amazonaws.com github-production-upload-manifest-file-7fdce7.s3.amazonaws.com github-production-user-asset-6210df.s3.amazonaws.com *.rel.tunnels.api.visualstudio.com wss://*.rel.tunnels.api.visualstudio.com objects-origin.githubusercontent.com copilot-proxy.githubusercontent.com proxy.individual.githubcopilot.com proxy.business.githubcopilot.com proxy.enterprise.githubcopilot.com *.actions.githubusercontent.com wss://*.actions.githubusercontent.com productionresultssa0.blob.core.windows.net/ productionresultssa1.blob.core.windows.net/ productionresultssa2.blob.core.windows.net/ productionresultssa3.blob.core.windows.net/ productionresultssa4.blob.core.windows.net/ productionresultssa5.blob.core.windows.net/ productionresultssa6.blob.core.windows.net/ productionresultssa7.blob.core.windows.net/ productionresultssa8.blob.core.windows.net/ productionresultssa9.blob.core.windows.net/ productionresultssa10.blob.core.windows.net/ productionresultssa11.blob.core.windows.net/ productionresultssa12.blob.core.windows.net/ productionresultssa13.blob.core.windows.net/ productionresultssa14.blob.core.windows.net/ productionresultssa15.blob.core.windows.net/ productionresultssa16.blob.core.windows.net/ productionresultssa17.blob.core.windows.net/ productionresultssa18.blob.core.windows.net/ productionresultssa19.blob.core.windows.net/ github-production-repository-image-32fea6.s3.amazonaws.com github-production-release-asset-2e65be.s3.amazonaws.com insights.github.com wss://alive.github.com wss://alive-staging.github.com api.githubcopilot.com api.individual.githubcopilot.com api.business.githubcopilot.com api.enterprise.githubcopilot.com; font-src github.githubassets.com; form-action 'self' github.com gist.github.com copilot-workspace.githubnext.com objects-origin.githubusercontent.com; frame-ancestors 'none'; frame-src viewscreen.githubusercontent.com notebooks.githubusercontent.com; img-src 'self' data: blob: github.githubassets.com media.githubusercontent.com camo.githubusercontent.com identicons.github.com avatars.githubusercontent.com private-avatars.githubusercontent.com github-cloud.s3.amazonaws.com objects.githubusercontent.com release-assets.githubusercontent.com secured-user-images.githubusercontent.com/ user-images.githubusercontent.com/ private-user-images.githubusercontent.com opengraph.githubassets.com copilotprodattachments.blob.core.windows.net/github-production-copilot-attachments/ github-production-user-asset-6210df.s3.amazonaws.com customer-stories-feed.github.com spotlights-feed.github.com objects-origin.githubusercontent.com *.githubusercontent.com; manifest-src 'self'; media-src github.com user-images.githubusercontent.com/ secured-user-images.githubusercontent.com/ private-user-images.githubusercontent.com github-production-user-asset-6210df.s3.amazonaws.com gist.github.com; script-src github.githubassets.com; style-src 'unsafe-inline' github.githubassets.com; upgrade-insecure-requests; worker-src github.githubassets.com github.com/assets-cdn/worker/ github.com/assets/ gist.github.com/assets-cdn/worker/
Server: github.com
Accept-Ranges: bytes
Set-Cookie: _gh_sess=5pFVx1TbjWbrl0hDGK12iwezrK4rTaYWwBNTwE%2BtS3zMJWym4g0LdQIC6F5UJox2NXAsXPEj%2BD0x23F1tltrNtBfmzvIO0kAlVSZ5%2FeEjwgnVtHDVn8fPoZ2vVEXbfcdk7%2BOpSwRE4WKT%2F6wj9%2Fo8n0lyxbGObCsUlFzEpLzlEsr01GApUo2y8EIbdiaJqF95mwLuWF2siZJrI6z5iw7IKNiVS16DcwyxrBD%2FKlEtxoNvBzkHH0XvsfwuMZC%2FvWFspklxOkOHSD2yNPLH3EcSg%3D%3D--6E0rTBgkNdx90VxR--AGIoFUaMaQj%2F0CmyQYieJA%3D%3D; Path=/; HttpOnly; Secure; SameSite=Lax
Set-Cookie: _octo=GH1.1.1125077492.1756723419; Path=/; Domain=github.com; Expires=Tue, 01 Sep 2026 10:43:39 GMT; Secure; SameSite=Lax
Set-Cookie: logged_in=no; Path=/; Domain=github.com; Expires=Tue, 01 Sep 2026 10:43:39 GMT; HttpOnly; Secure; SameSite=Lax
X-GitHub-Request-Id: F8F4:09D3:15875C1:1B5C70F:68B578DB
connection: close
Transfer-Encoding: chunked

]
[2025-09-01 16:24:27,615: INFO: common: yaml file: config\config.yaml loaded successfully]
[2025-09-01 16:24:27,618: INFO: common: yaml file: params.yaml loaded successfully]
[2025-09-01 16:24:27,622: INFO: common: yaml file: schema.yaml loaded successfully]
[2025-09-01 16:24:27,624: INFO: common: created directory at: artifacts]
[2025-09-01 16:24:27,627: INFO: common: created directory at: artifacts/data_ingestion]
[2025-09-01 16:24:28,712: INFO: 2366278714: artifacts/data_ingestion/data.zip download! with following info: 
Date: Mon, 01 Sep 2025 10:54:27 GMT
Content-Type: text/html; charset=utf-8
Vary: X-PJAX, X-PJAX-Container, Turbo-Visit, Turbo-Frame, X-Requested-With,Accept-Encoding, Accept, X-Requested-With
x-repository-download: git clone https://github.com/NarraRanjith/cibil_score_prediction.git
x-raw-download: https://raw.githubusercontent.com/NarraRanjith/cibil_score_prediction/main/dataset/cibil_score_dataset_final.zip
ETag: W/"81f42b1afc79a648e4e93a7615bb27e8"
Cache-Control: max-age=0, private, must-revalidate
Strict-Transport-Security: max-age=31536000; includeSubdomains; preload
X-Frame-Options: deny
X-Content-Type-Options: nosniff
X-XSS-Protection: 0
Referrer-Policy: no-referrer-when-downgrade
Content-Security-Policy: default-src 'none'; base-uri 'self'; child-src github.githubassets.com github.com/assets-cdn/worker/ github.com/assets/ gist.github.com/assets-cdn/worker/; connect-src 'self' uploads.github.com www.githubstatus.com collector.github.com raw.githubusercontent.com api.github.com github-cloud.s3.amazonaws.com github-production-repository-file-5c1aeb.s3.amazonaws.com github-production-upload-manifest-file-7fdce7.s3.amazonaws.com github-production-user-asset-6210df.s3.amazonaws.com *.rel.tunnels.api.visualstudio.com wss://*.rel.tunnels.api.visualstudio.com objects-origin.githubusercontent.com copilot-proxy.githubusercontent.com proxy.individual.githubcopilot.com proxy.business.githubcopilot.com proxy.enterprise.githubcopilot.com *.actions.githubusercontent.com wss://*.actions.githubusercontent.com productionresultssa0.blob.core.windows.net/ productionresultssa1.blob.core.windows.net/ productionresultssa2.blob.core.windows.net/ productionresultssa3.blob.core.windows.net/ productionresultssa4.blob.core.windows.net/ productionresultssa5.blob.core.windows.net/ productionresultssa6.blob.core.windows.net/ productionresultssa7.blob.core.windows.net/ productionresultssa8.blob.core.windows.net/ productionresultssa9.blob.core.windows.net/ productionresultssa10.blob.core.windows.net/ productionresultssa11.blob.core.windows.net/ productionresultssa12.blob.core.windows.net/ productionresultssa13.blob.core.windows.net/ productionresultssa14.blob.core.windows.net/ productionresultssa15.blob.core.windows.net/ productionresultssa16.blob.core.windows.net/ productionresultssa17.blob.core.windows.net/ productionresultssa18.blob.core.windows.net/ productionresultssa19.blob.core.windows.net/ github-production-repository-image-32fea6.s3.amazonaws.com github-production-release-asset-2e65be.s3.amazonaws.com insights.github.com wss://alive.github.com wss://alive-staging.github.com api.githubcopilot.com api.individual.githubcopilot.com api.business.githubcopilot.com api.enterprise.githubcopilot.com; font-src github.githubassets.com; form-action 'self' github.com gist.github.com copilot-workspace.githubnext.com objects-origin.githubusercontent.com; frame-ancestors 'none'; frame-src viewscreen.githubusercontent.com notebooks.githubusercontent.com; img-src 'self' data: blob: github.githubassets.com media.githubusercontent.com camo.githubusercontent.com identicons.github.com avatars.githubusercontent.com private-avatars.githubusercontent.com github-cloud.s3.amazonaws.com objects.githubusercontent.com release-assets.githubusercontent.com secured-user-images.githubusercontent.com/ user-images.githubusercontent.com/ private-user-images.githubusercontent.com opengraph.githubassets.com copilotprodattachments.blob.core.windows.net/github-production-copilot-attachments/ github-production-user-asset-6210df.s3.amazonaws.com customer-stories-feed.github.com spotlights-feed.github.com objects-origin.githubusercontent.com *.githubusercontent.com; manifest-src 'self'; media-src github.com user-images.githubusercontent.com/ secured-user-images.githubusercontent.com/ private-user-images.githubusercontent.com github-production-user-asset-6210df.s3.amazonaws.com gist.github.com; script-src github.githubassets.com; style-src 'unsafe-inline' github.githubassets.com; upgrade-insecure-requests; worker-src github.githubassets.com github.com/assets-cdn/worker/ github.com/assets/ gist.github.com/assets-cdn/worker/
Server: github.com
Accept-Ranges: bytes
Set-Cookie: _gh_sess=DmyDGhXb4VW934%2F0ETmWPkMcgOi%2B9w9KH%2FoRI0lDGhdZ1xNhFYrPAfrIM4wSR2qMA5iT8eW8QMF0V4PLQmX%2BX53xor3meixGmd7Jb32gny0xarw7Zsbl0MqVt%2BO4P0DxBdSL4kzWA4kMLSCFydyBLhDtgolP3Y8pJVQPw0c4iCYvxNcQ2aHOhcCvMH%2FC%2FwIxuZXfDTXhm%2BV6dGbRPSGjWhJn5omVVqVMh1ZOUFgJ3VwPBEyR7A44z3QXUWL3EyghpgdiFUAuh6IMRLW2Ugal7g%3D%3D--9kov55qo3PfOoHli--Im5DOMHKs2JAOmR4peiPMw%3D%3D; Path=/; HttpOnly; Secure; SameSite=Lax
Set-Cookie: _octo=GH1.1.992410628.1756724067; Path=/; Domain=github.com; Expires=Tue, 01 Sep 2026 10:54:27 GMT; Secure; SameSite=Lax
Set-Cookie: logged_in=no; Path=/; Domain=github.com; Expires=Tue, 01 Sep 2026 10:54:27 GMT; HttpOnly; Secure; SameSite=Lax
X-GitHub-Request-Id: FE8F:3C4A50:304F3B:35CE73:68B57B63
connection: close
Transfer-Encoding: chunked

]
[2025-09-01 16:29:18,046: INFO: common: yaml file: config\config.yaml loaded successfully]
[2025-09-01 16:29:18,050: INFO: common: yaml file: params.yaml loaded successfully]
[2025-09-01 16:29:18,053: INFO: common: yaml file: schema.yaml loaded successfully]
[2025-09-01 16:29:18,055: INFO: common: created directory at: artifacts]
[2025-09-01 16:29:18,058: INFO: common: created directory at: artifacts/data_ingestion]
[2025-09-01 16:29:18,845: INFO: 2366278714: artifacts/data_ingestion/data.zip download! with following info: 
Date: Mon, 01 Sep 2025 10:59:17 GMT
Content-Type: text/html; charset=utf-8
Vary: X-PJAX, X-PJAX-Container, Turbo-Visit, Turbo-Frame, X-Requested-With,Accept-Encoding, Accept, X-Requested-With
x-repository-download: git clone https://github.com/NarraRanjith/cibil_score_prediction.git
x-raw-download: https://raw.githubusercontent.com/NarraRanjith/cibil_score_prediction/6761d56dd851a04a793db981dac81fb90622f366/dataset/cibil_score_dataset_final.zip
ETag: W/"549de2fb2b9e6f664dfdea661230f811"
Cache-Control: max-age=0, private, must-revalidate
Strict-Transport-Security: max-age=31536000; includeSubdomains; preload
X-Frame-Options: deny
X-Content-Type-Options: nosniff
X-XSS-Protection: 0
Referrer-Policy: no-referrer-when-downgrade
Content-Security-Policy: default-src 'none'; base-uri 'self'; child-src github.githubassets.com github.com/assets-cdn/worker/ github.com/assets/ gist.github.com/assets-cdn/worker/; connect-src 'self' uploads.github.com www.githubstatus.com collector.github.com raw.githubusercontent.com api.github.com github-cloud.s3.amazonaws.com github-production-repository-file-5c1aeb.s3.amazonaws.com github-production-upload-manifest-file-7fdce7.s3.amazonaws.com github-production-user-asset-6210df.s3.amazonaws.com *.rel.tunnels.api.visualstudio.com wss://*.rel.tunnels.api.visualstudio.com objects-origin.githubusercontent.com copilot-proxy.githubusercontent.com proxy.individual.githubcopilot.com proxy.business.githubcopilot.com proxy.enterprise.githubcopilot.com *.actions.githubusercontent.com wss://*.actions.githubusercontent.com productionresultssa0.blob.core.windows.net/ productionresultssa1.blob.core.windows.net/ productionresultssa2.blob.core.windows.net/ productionresultssa3.blob.core.windows.net/ productionresultssa4.blob.core.windows.net/ productionresultssa5.blob.core.windows.net/ productionresultssa6.blob.core.windows.net/ productionresultssa7.blob.core.windows.net/ productionresultssa8.blob.core.windows.net/ productionresultssa9.blob.core.windows.net/ productionresultssa10.blob.core.windows.net/ productionresultssa11.blob.core.windows.net/ productionresultssa12.blob.core.windows.net/ productionresultssa13.blob.core.windows.net/ productionresultssa14.blob.core.windows.net/ productionresultssa15.blob.core.windows.net/ productionresultssa16.blob.core.windows.net/ productionresultssa17.blob.core.windows.net/ productionresultssa18.blob.core.windows.net/ productionresultssa19.blob.core.windows.net/ github-production-repository-image-32fea6.s3.amazonaws.com github-production-release-asset-2e65be.s3.amazonaws.com insights.github.com wss://alive.github.com wss://alive-staging.github.com api.githubcopilot.com api.individual.githubcopilot.com api.business.githubcopilot.com api.enterprise.githubcopilot.com; font-src github.githubassets.com; form-action 'self' github.com gist.github.com copilot-workspace.githubnext.com objects-origin.githubusercontent.com; frame-ancestors 'none'; frame-src viewscreen.githubusercontent.com notebooks.githubusercontent.com; img-src 'self' data: blob: github.githubassets.com media.githubusercontent.com camo.githubusercontent.com identicons.github.com avatars.githubusercontent.com private-avatars.githubusercontent.com github-cloud.s3.amazonaws.com objects.githubusercontent.com release-assets.githubusercontent.com secured-user-images.githubusercontent.com/ user-images.githubusercontent.com/ private-user-images.githubusercontent.com opengraph.githubassets.com copilotprodattachments.blob.core.windows.net/github-production-copilot-attachments/ github-production-user-asset-6210df.s3.amazonaws.com customer-stories-feed.github.com spotlights-feed.github.com objects-origin.githubusercontent.com *.githubusercontent.com; manifest-src 'self'; media-src github.com user-images.githubusercontent.com/ secured-user-images.githubusercontent.com/ private-user-images.githubusercontent.com github-production-user-asset-6210df.s3.amazonaws.com gist.github.com; script-src github.githubassets.com; style-src 'unsafe-inline' github.githubassets.com; upgrade-insecure-requests; worker-src github.githubassets.com github.com/assets-cdn/worker/ github.com/assets/ gist.github.com/assets-cdn/worker/
Server: github.com
Accept-Ranges: bytes
Set-Cookie: _gh_sess=18%2BzD0t5DnGhnHkyp4uufqerQ8g3JU1YNhjS7icXMJhA8Mp14euG6Q3IFVmC1xA16ZWYjV%2BoGGYBajpnjCZqBK61Xlrc7qNU1Wvwa%2BAJYDpoHHBzfVzmZ15m3jnvuCRo8FX%2FrlpHjPxA5hJn2%2BysfyzYV5AhC7sKVpe1ZyWfjdKmfZKTh5JKRR0bGIB10Mxeec2rI7%2FTdAY9WRMHw8f8MvP17sLmmq8ftjeNvlgap1GIWzTnZGtvbfHui90mzQiysPED5KB%2FxbUwiBwp47axng%3D%3D--fk7Fmet%2B2p4QZhIT--H8qoBOG8qHWOkZctEKW3ZQ%3D%3D; Path=/; HttpOnly; Secure; SameSite=Lax
Set-Cookie: _octo=GH1.1.1358118383.1756724357; Path=/; Domain=github.com; Expires=Tue, 01 Sep 2026 10:59:17 GMT; Secure; SameSite=Lax
Set-Cookie: logged_in=no; Path=/; Domain=github.com; Expires=Tue, 01 Sep 2026 10:59:17 GMT; HttpOnly; Secure; SameSite=Lax
X-GitHub-Request-Id: CA7A:09D3:15CF1B1:1BABB78:68B57C85
connection: close
Transfer-Encoding: chunked

]
[2025-09-01 16:31:07,784: INFO: common: yaml file: config\config.yaml loaded successfully]
[2025-09-01 16:31:07,788: INFO: common: yaml file: params.yaml loaded successfully]
[2025-09-01 16:31:07,791: INFO: common: yaml file: schema.yaml loaded successfully]
[2025-09-01 16:31:07,795: INFO: common: created directory at: artifacts]
[2025-09-01 16:31:07,799: INFO: common: created directory at: artifacts/data_ingestion]
[2025-09-01 16:31:09,773: INFO: 2366278714: artifacts/data_ingestion/data.zip download! with following info: 
Connection: close
Content-Length: 27904
Cache-Control: max-age=300
Content-Security-Policy: default-src 'none'; style-src 'unsafe-inline'; sandbox
Content-Type: application/zip
ETag: "4fb1acb97b5a41e2ffd42359a858e551572d653831eb661e34cef80c56312aff"
Strict-Transport-Security: max-age=31536000
X-Content-Type-Options: nosniff
X-Frame-Options: deny
X-XSS-Protection: 1; mode=block
X-GitHub-Request-Id: 2495:08F3:2AE1E8:6D3774:68B57CEE
Accept-Ranges: bytes
Date: Mon, 01 Sep 2025 11:01:08 GMT
Via: 1.1 varnish
X-Served-By: cache-bom-vanm7210065-BOM
X-Cache: MISS
X-Cache-Hits: 0
X-Timer: S1756724469.517872,VS0,VE229
Vary: Authorization,Accept-Encoding
Access-Control-Allow-Origin: *
Cross-Origin-Resource-Policy: cross-origin
X-Fastly-Request-ID: 70eb4e59f8745720326fe6ae066e8973d2659ed8
Expires: Mon, 01 Sep 2025 11:06:08 GMT
Source-Age: 0

]
[2025-09-01 16:36:00,310: INFO: common: yaml file: config\config.yaml loaded successfully]
[2025-09-01 16:36:00,315: INFO: common: yaml file: params.yaml loaded successfully]
[2025-09-01 16:36:00,319: INFO: common: yaml file: schema.yaml loaded successfully]
[2025-09-01 16:36:00,322: INFO: common: created directory at: artifacts]
[2025-09-01 16:36:00,324: INFO: common: created directory at: artifacts/data_ingestion]
[2025-09-01 16:36:00,326: INFO: 2366278714: File already exists of size: ~ 27 KB]
[2025-09-01 16:56:21,099: INFO: main: >>>>>> stage Data Ingestion stage started <<<<<<]
[2025-09-01 16:56:21,103: INFO: common: yaml file: config\config.yaml loaded successfully]
[2025-09-01 16:56:21,104: INFO: common: yaml file: params.yaml loaded successfully]
[2025-09-01 16:56:21,105: INFO: common: yaml file: schema.yaml loaded successfully]
[2025-09-01 16:56:21,106: INFO: common: created directory at: artifacts]
[2025-09-01 16:56:21,107: INFO: common: created directory at: artifacts/data_ingestion]
[2025-09-01 16:56:22,764: INFO: data_ingestion: artifacts/data_ingestion/data.zip download! with following info: 
Connection: close
Content-Length: 27904
Cache-Control: max-age=300
Content-Security-Policy: default-src 'none'; style-src 'unsafe-inline'; sandbox
Content-Type: application/zip
ETag: "4fb1acb97b5a41e2ffd42359a858e551572d653831eb661e34cef80c56312aff"
Strict-Transport-Security: max-age=31536000
X-Content-Type-Options: nosniff
X-Frame-Options: deny
X-XSS-Protection: 1; mode=block
X-GitHub-Request-Id: 2386:E0FCA:B2A61:16337B:68B582DC
Accept-Ranges: bytes
Date: Mon, 01 Sep 2025 11:26:21 GMT
Via: 1.1 varnish
X-Served-By: cache-bom-vanm7210080-BOM
X-Cache: MISS
X-Cache-Hits: 0
X-Timer: S1756725981.003995,VS0,VE223
Vary: Authorization,Accept-Encoding
Access-Control-Allow-Origin: *
Cross-Origin-Resource-Policy: cross-origin
X-Fastly-Request-ID: d54b0a865d45da67b25bc8277ecffbb43b9a659d
Expires: Mon, 01 Sep 2025 11:31:21 GMT
Source-Age: 0

]
[2025-09-01 16:56:22,793: INFO: main: >>>>>> stage Data Ingestion stage completed <<<<<<

x==========x]
[2025-09-01 17:06:12,242: INFO: main: >>>>>> stage Data Ingestion stage started <<<<<<]
[2025-09-01 17:06:12,269: INFO: common: yaml file: config\config.yaml loaded successfully]
[2025-09-01 17:06:12,271: INFO: common: yaml file: params.yaml loaded successfully]
[2025-09-01 17:06:12,272: INFO: common: yaml file: schema.yaml loaded successfully]
[2025-09-01 17:06:12,273: INFO: common: created directory at: artifacts]
[2025-09-01 17:06:12,274: INFO: common: created directory at: artifacts/data_ingestion]
[2025-09-01 17:06:13,185: INFO: data_ingestion: artifacts/data_ingestion/data.zip download! with following info: 
Connection: close
Content-Length: 27904
Cache-Control: max-age=300
Content-Security-Policy: default-src 'none'; style-src 'unsafe-inline'; sandbox
Content-Type: application/zip
ETag: "4fb1acb97b5a41e2ffd42359a858e551572d653831eb661e34cef80c56312aff"
Strict-Transport-Security: max-age=31536000
X-Content-Type-Options: nosniff
X-Frame-Options: deny
X-XSS-Protection: 1; mode=block
X-GitHub-Request-Id: 2386:E0FCA:B2A61:16337B:68B582DC
Accept-Ranges: bytes
Date: Mon, 01 Sep 2025 11:36:12 GMT
Via: 1.1 varnish
X-Served-By: cache-bom-vanm7210089-BOM
X-Cache: HIT
X-Cache-Hits: 0
X-Timer: S1756726572.175770,VS0,VE241
Vary: Authorization,Accept-Encoding
Access-Control-Allow-Origin: *
Cross-Origin-Resource-Policy: cross-origin
X-Fastly-Request-ID: 1b8a6a305d439e6ca488c771c94d42b565fb8a2c
Expires: Mon, 01 Sep 2025 11:41:12 GMT
Source-Age: 0

]
[2025-09-01 17:06:13,215: INFO: main: >>>>>> stage Data Ingestion stage completed <<<<<<

x==========x]
[2025-09-01 18:30:45,853: INFO: common: yaml file: config\config.yaml loaded successfully]
[2025-09-01 18:30:45,855: INFO: common: yaml file: params.yaml loaded successfully]
[2025-09-01 18:30:45,869: INFO: common: yaml file: schema.yaml loaded successfully]
[2025-09-01 18:30:45,871: INFO: common: created directory at: artifacts]
[2025-09-01 18:30:45,875: INFO: common: created directory at: artifacts/data_validation]
[2025-09-01 18:32:28,403: INFO: common: yaml file: config\config.yaml loaded successfully]
[2025-09-01 18:32:28,406: INFO: common: yaml file: params.yaml loaded successfully]
[2025-09-01 18:32:28,415: INFO: common: yaml file: schema.yaml loaded successfully]
[2025-09-01 18:32:28,416: INFO: common: created directory at: artifacts]
[2025-09-01 18:32:28,417: INFO: common: created directory at: artifacts/data_validation]
[2025-09-01 18:33:48,816: INFO: common: yaml file: config\config.yaml loaded successfully]
[2025-09-01 18:33:48,819: INFO: common: yaml file: params.yaml loaded successfully]
[2025-09-01 18:33:48,835: INFO: common: yaml file: schema.yaml loaded successfully]
[2025-09-01 18:33:48,837: INFO: common: created directory at: artifacts]
[2025-09-01 18:33:48,839: INFO: common: created directory at: artifacts/data_validation]
[2025-09-01 18:44:56,392: INFO: main: >>>>>> stage Data Ingestion stage started <<<<<<]
[2025-09-01 18:44:56,394: INFO: common: yaml file: config\config.yaml loaded successfully]
[2025-09-01 18:44:56,395: INFO: common: yaml file: params.yaml loaded successfully]
[2025-09-01 18:44:56,396: INFO: common: yaml file: schema.yaml loaded successfully]
[2025-09-01 18:44:56,397: INFO: common: created directory at: artifacts]
[2025-09-01 18:44:56,397: INFO: common: created directory at: artifacts/data_ingestion]
[2025-09-01 18:44:57,133: INFO: data_ingestion: artifacts/data_ingestion/data.zip download! with following info: 
Connection: close
Content-Length: 27904
Cache-Control: max-age=300
Content-Security-Policy: default-src 'none'; style-src 'unsafe-inline'; sandbox
Content-Type: application/zip
ETag: "4fb1acb97b5a41e2ffd42359a858e551572d653831eb661e34cef80c56312aff"
Strict-Transport-Security: max-age=31536000
X-Content-Type-Options: nosniff
X-Frame-Options: deny
X-XSS-Protection: 1; mode=block
X-GitHub-Request-Id: 2386:E0FCA:B2A61:16337B:68B582DC
Accept-Ranges: bytes
Date: Mon, 01 Sep 2025 13:14:56 GMT
Via: 1.1 varnish
X-Served-By: cache-bom-vanm7210090-BOM
X-Cache: HIT
X-Cache-Hits: 0
X-Timer: S1756732496.240925,VS0,VE236
Vary: Authorization,Accept-Encoding
Access-Control-Allow-Origin: *
Cross-Origin-Resource-Policy: cross-origin
X-Fastly-Request-ID: b4acdaf7c4d8f4afaf959aa5449b4e4999e0bbe0
Expires: Mon, 01 Sep 2025 13:19:56 GMT
Source-Age: 0

]
[2025-09-01 18:44:57,152: INFO: main: >>>>>> stage Data Ingestion stage completed <<<<<<

x==========x]
[2025-09-01 18:44:57,153: INFO: main: >>>>>> stage Data Validation stage started <<<<<<]
[2025-09-01 18:44:57,153: ERROR: main: name 'DataValidationTrainingPipeline' is not defined]
Traceback (most recent call last):
  File "C:\Users\narra\OneDrive\Desktop\cibil_score_prediction\main.py", line 24, in <module>
    data_ingestion = DataValidationTrainingPipeline()
                     ^^^^^^^^^^^^^^^^^^^^^^^^^^^^^^
NameError: name 'DataValidationTrainingPipeline' is not defined. Did you mean: 'DataIngestionTrainingPipeline'?
[2025-09-01 19:04:41,367: INFO: main: >>>>>> stage Data Ingestion stage started <<<<<<]
[2025-09-01 19:04:41,369: INFO: common: yaml file: config\config.yaml loaded successfully]
[2025-09-01 19:04:41,370: INFO: common: yaml file: params.yaml loaded successfully]
[2025-09-01 19:04:41,371: INFO: common: yaml file: schema.yaml loaded successfully]
[2025-09-01 19:04:41,371: INFO: common: created directory at: artifacts]
[2025-09-01 19:04:41,371: INFO: common: created directory at: artifacts/data_ingestion]
[2025-09-01 19:04:41,371: INFO: data_ingestion: File already exists of size: ~ 27 KB]
[2025-09-01 19:04:41,373: INFO: main: >>>>>> stage Data Ingestion stage completed <<<<<<

x==========x]
[2025-09-01 19:04:41,373: INFO: main: >>>>>> stage Data Validation stage started <<<<<<]
[2025-09-01 19:04:41,375: INFO: common: yaml file: config\config.yaml loaded successfully]
[2025-09-01 19:04:41,375: INFO: common: yaml file: params.yaml loaded successfully]
[2025-09-01 19:04:41,376: INFO: common: yaml file: schema.yaml loaded successfully]
[2025-09-01 19:04:41,376: INFO: common: created directory at: artifacts]
[2025-09-01 19:04:41,377: INFO: common: created directory at: artifacts/data_validation]
[2025-09-01 19:04:41,377: ERROR: main: name 'DataValiadtion' is not defined]
Traceback (most recent call last):
  File "C:\Users\narra\OneDrive\Desktop\cibil_score_prediction\main.py", line 25, in <module>
    data_ingestion.main()
    ~~~~~~~~~~~~~~~~~~~^^
  File "C:\Users\narra\OneDrive\Desktop\cibil_score_prediction\src\mlProject\pipeline\stage_02_data_validation.py", line 15, in main
    data_validation = DataValiadtion(config=data_validation_config)
                      ^^^^^^^^^^^^^^
NameError: name 'DataValiadtion' is not defined. Did you mean: 'DataValidation'?
[2025-09-01 19:05:58,787: INFO: main: >>>>>> stage Data Ingestion stage started <<<<<<]
[2025-09-01 19:05:58,789: INFO: common: yaml file: config\config.yaml loaded successfully]
[2025-09-01 19:05:58,789: INFO: common: yaml file: params.yaml loaded successfully]
[2025-09-01 19:05:58,790: INFO: common: yaml file: schema.yaml loaded successfully]
[2025-09-01 19:05:58,791: INFO: common: created directory at: artifacts]
[2025-09-01 19:05:58,791: INFO: common: created directory at: artifacts/data_ingestion]
[2025-09-01 19:05:58,791: INFO: data_ingestion: File already exists of size: ~ 27 KB]
[2025-09-01 19:05:58,793: INFO: main: >>>>>> stage Data Ingestion stage completed <<<<<<

x==========x]
[2025-09-01 19:05:58,793: INFO: main: >>>>>> stage Data Validation stage started <<<<<<]
[2025-09-01 19:05:58,795: INFO: common: yaml file: config\config.yaml loaded successfully]
[2025-09-01 19:05:58,795: INFO: common: yaml file: params.yaml loaded successfully]
[2025-09-01 19:05:58,796: INFO: common: yaml file: schema.yaml loaded successfully]
[2025-09-01 19:05:58,796: INFO: common: created directory at: artifacts]
[2025-09-01 19:05:58,796: INFO: common: created directory at: artifacts/data_validation]
[2025-09-01 19:05:58,822: INFO: main: >>>>>> stage Data Validation stage completed <<<<<<

x==========x]
[2025-09-01 19:22:40,347: INFO: common: yaml file: config\config.yaml loaded successfully]
[2025-09-01 19:22:40,349: INFO: common: yaml file: params.yaml loaded successfully]
[2025-09-01 19:22:40,352: INFO: common: yaml file: schema.yaml loaded successfully]
[2025-09-01 19:22:40,353: INFO: common: created directory at: artifacts]
[2025-09-01 19:22:40,355: INFO: common: created directory at: artifacts/data_transformation]
[2025-09-01 19:24:15,364: INFO: common: yaml file: config\config.yaml loaded successfully]
[2025-09-01 19:24:15,367: INFO: common: yaml file: params.yaml loaded successfully]
[2025-09-01 19:24:15,370: INFO: common: yaml file: schema.yaml loaded successfully]
[2025-09-01 19:24:15,372: INFO: common: created directory at: artifacts]
[2025-09-01 19:24:15,374: INFO: common: created directory at: artifacts/data_transformation]
[2025-09-01 19:24:15,400: INFO: 2636855870: Splited data into training and test sets]
[2025-09-01 19:24:15,401: INFO: 2636855870: (750, 11)]
[2025-09-01 19:24:15,402: INFO: 2636855870: (250, 11)]
[2025-09-01 19:33:07,526: INFO: main: >>>>>> stage Data Ingestion stage started <<<<<<]
[2025-09-01 19:33:07,529: INFO: common: yaml file: config\config.yaml loaded successfully]
[2025-09-01 19:33:07,530: INFO: common: yaml file: params.yaml loaded successfully]
[2025-09-01 19:33:07,532: INFO: common: yaml file: schema.yaml loaded successfully]
[2025-09-01 19:33:07,533: INFO: common: created directory at: artifacts]
[2025-09-01 19:33:07,534: INFO: common: created directory at: artifacts/data_ingestion]
[2025-09-01 19:33:08,309: INFO: data_ingestion: artifacts/data_ingestion/data.zip download! with following info: 
Connection: close
Content-Length: 27904
Cache-Control: max-age=300
Content-Security-Policy: default-src 'none'; style-src 'unsafe-inline'; sandbox
Content-Type: application/zip
ETag: "4fb1acb97b5a41e2ffd42359a858e551572d653831eb661e34cef80c56312aff"
Strict-Transport-Security: max-age=31536000
X-Content-Type-Options: nosniff
X-Frame-Options: deny
X-XSS-Protection: 1; mode=block
X-GitHub-Request-Id: 2386:E0FCA:B2A61:16337B:68B582DC
Accept-Ranges: bytes
Date: Mon, 01 Sep 2025 14:03:07 GMT
Via: 1.1 varnish
X-Served-By: cache-bom-vanm7210096-BOM
X-Cache: HIT
X-Cache-Hits: 0
X-Timer: S1756735387.365832,VS0,VE224
Vary: Authorization,Accept-Encoding
Access-Control-Allow-Origin: *
Cross-Origin-Resource-Policy: cross-origin
X-Fastly-Request-ID: b961694c9f21bef2a7b80e0d3bc1ce0a8ede6908
Expires: Mon, 01 Sep 2025 14:08:07 GMT
Source-Age: 0

]
[2025-09-01 19:33:08,338: INFO: main: >>>>>> stage Data Ingestion stage completed <<<<<<

x==========x]
[2025-09-01 19:33:08,339: INFO: main: >>>>>> stage Data Validation stage started <<<<<<]
[2025-09-01 19:33:08,343: INFO: common: yaml file: config\config.yaml loaded successfully]
[2025-09-01 19:33:08,345: INFO: common: yaml file: params.yaml loaded successfully]
[2025-09-01 19:33:08,347: INFO: common: yaml file: schema.yaml loaded successfully]
[2025-09-01 19:33:08,348: INFO: common: created directory at: artifacts]
[2025-09-01 19:33:08,349: INFO: common: created directory at: artifacts/data_validation]
[2025-09-01 19:33:08,384: INFO: main: >>>>>> stage Data Validation stage completed <<<<<<

x==========x]
[2025-09-01 19:33:08,384: INFO: main: >>>>>> stage Data Transformation stage started <<<<<<]
[2025-09-01 19:33:08,390: INFO: common: yaml file: config\config.yaml loaded successfully]
[2025-09-01 19:33:08,391: INFO: common: yaml file: params.yaml loaded successfully]
[2025-09-01 19:33:08,393: INFO: common: yaml file: schema.yaml loaded successfully]
[2025-09-01 19:33:08,394: INFO: common: created directory at: artifacts]
[2025-09-01 19:33:08,406: INFO: common: created directory at: artifacts/data_transformation]
[2025-09-01 19:33:08,420: INFO: data_transformation: Splited data into training and test sets]
[2025-09-01 19:33:08,421: INFO: data_transformation: (750, 14)]
[2025-09-01 19:33:08,421: INFO: data_transformation: (250, 14)]
[2025-09-01 19:33:08,421: INFO: main: >>>>>> stage Data Transformation stage completed <<<<<<

x==========x]
[2025-09-01 22:35:16,141: INFO: common: yaml file: config\config.yaml loaded successfully]
[2025-09-01 22:35:16,150: INFO: common: yaml file: params.yaml loaded successfully]
[2025-09-01 22:35:16,155: INFO: common: yaml file: schema.yaml loaded successfully]
[2025-09-01 22:35:16,157: INFO: common: created directory at: artifacts]
[2025-09-01 22:35:16,160: INFO: common: created directory at: artifacts/model_trainer]
[2025-09-01 22:38:44,084: INFO: common: yaml file: config\config.yaml loaded successfully]
[2025-09-01 22:38:44,087: INFO: common: yaml file: params.yaml loaded successfully]
[2025-09-01 22:38:44,092: INFO: common: yaml file: schema.yaml loaded successfully]
[2025-09-01 22:38:44,095: INFO: common: created directory at: artifacts]
[2025-09-01 22:38:44,097: INFO: common: created directory at: artifacts/data_transformation]
[2025-09-01 22:38:44,122: INFO: 2636855870: Splited data into training and test sets]
[2025-09-01 22:38:44,125: INFO: 2636855870: (750, 11)]
[2025-09-01 22:38:44,126: INFO: 2636855870: (250, 11)]
[2025-09-01 22:41:04,478: INFO: common: yaml file: config\config.yaml loaded successfully]
[2025-09-01 22:41:04,480: INFO: common: yaml file: params.yaml loaded successfully]
[2025-09-01 22:41:04,484: INFO: common: yaml file: schema.yaml loaded successfully]
[2025-09-01 22:41:04,485: INFO: common: created directory at: artifacts]
[2025-09-01 22:41:04,487: INFO: common: created directory at: artifacts/model_trainer]
[2025-09-01 22:51:26,939: INFO: main: >>>>>> stage Data Ingestion stage started <<<<<<]
[2025-09-01 22:51:26,942: INFO: common: yaml file: config\config.yaml loaded successfully]
[2025-09-01 22:51:26,944: INFO: common: yaml file: params.yaml loaded successfully]
[2025-09-01 22:51:26,946: INFO: common: yaml file: schema.yaml loaded successfully]
[2025-09-01 22:51:26,946: INFO: common: created directory at: artifacts]
[2025-09-01 22:51:26,947: INFO: common: created directory at: artifacts/data_ingestion]
[2025-09-01 22:51:26,947: INFO: data_ingestion: File already exists of size: ~ 27 KB]
[2025-09-01 22:51:26,966: INFO: main: >>>>>> stage Data Ingestion stage completed <<<<<<

x==========x]
[2025-09-01 22:51:26,966: INFO: main: >>>>>> stage Data Validation stage started <<<<<<]
[2025-09-01 22:51:26,970: INFO: common: yaml file: config\config.yaml loaded successfully]
[2025-09-01 22:51:26,972: INFO: common: yaml file: params.yaml loaded successfully]
[2025-09-01 22:51:26,975: INFO: common: yaml file: schema.yaml loaded successfully]
[2025-09-01 22:51:26,976: INFO: common: created directory at: artifacts]
[2025-09-01 22:51:26,976: INFO: common: created directory at: artifacts/data_validation]
[2025-09-01 22:51:27,018: INFO: main: >>>>>> stage Data Validation stage completed <<<<<<

x==========x]
[2025-09-01 22:51:27,019: INFO: main: >>>>>> stage Data Transformation stage started <<<<<<]
[2025-09-01 22:51:27,027: INFO: common: yaml file: config\config.yaml loaded successfully]
[2025-09-01 22:51:27,029: INFO: common: yaml file: params.yaml loaded successfully]
[2025-09-01 22:51:27,033: INFO: common: yaml file: schema.yaml loaded successfully]
[2025-09-01 22:51:27,034: INFO: common: created directory at: artifacts]
[2025-09-01 22:51:27,035: INFO: common: created directory at: artifacts/data_transformation]
[2025-09-01 22:51:27,066: INFO: data_transformation: Splited data into training and test sets]
[2025-09-01 22:51:27,066: INFO: data_transformation: (750, 11)]
[2025-09-01 22:51:27,067: INFO: data_transformation: (250, 11)]
[2025-09-01 22:51:27,068: INFO: main: >>>>>> stage Data Transformation stage completed <<<<<<

x==========x]
[2025-09-01 22:51:27,068: INFO: main: >>>>>> stage Model Trainer stage started <<<<<<]
[2025-09-01 22:51:27,073: INFO: common: yaml file: config\config.yaml loaded successfully]
[2025-09-01 22:51:27,075: INFO: common: yaml file: params.yaml loaded successfully]
[2025-09-01 22:51:27,078: INFO: common: yaml file: schema.yaml loaded successfully]
[2025-09-01 22:51:27,080: INFO: common: created directory at: artifacts]
[2025-09-01 22:51:27,081: INFO: common: created directory at: artifacts/model_trainer]
[2025-09-01 22:51:27,779: INFO: main: >>>>>> stage Model Trainer stage completed <<<<<<

x==========x]
[2025-09-02 00:08:48,574: INFO: common: yaml file: config\config.yaml loaded successfully]
[2025-09-02 00:08:48,589: INFO: common: yaml file: params.yaml loaded successfully]
[2025-09-02 00:08:48,604: INFO: common: yaml file: schema.yaml loaded successfully]
[2025-09-02 00:08:48,606: INFO: common: created directory at: artifacts]
[2025-09-02 00:08:48,607: INFO: common: created directory at: artifacts/model_evaluation]
[2025-09-02 00:11:05,407: INFO: common: yaml file: config\config.yaml loaded successfully]
[2025-09-02 00:11:05,409: INFO: common: yaml file: params.yaml loaded successfully]
[2025-09-02 00:11:05,411: INFO: common: yaml file: schema.yaml loaded successfully]
[2025-09-02 00:11:05,411: INFO: common: created directory at: artifacts]
[2025-09-02 00:11:05,412: INFO: common: created directory at: artifacts/model_evaluation]
[2025-09-02 00:29:13,515: INFO: common: yaml file: config\config.yaml loaded successfully]
[2025-09-02 00:29:13,517: INFO: common: yaml file: params.yaml loaded successfully]
[2025-09-02 00:29:13,520: INFO: common: yaml file: schema.yaml loaded successfully]
[2025-09-02 00:29:13,521: INFO: common: created directory at: artifacts]
[2025-09-02 00:29:13,522: INFO: common: created directory at: artifacts/model_evaluation]
[2025-09-02 00:29:16,434: INFO: common: json file saved at: artifacts\model_evaluation\metrics.json]
[2025-09-02 00:30:17,238: INFO: common: yaml file: config\config.yaml loaded successfully]
[2025-09-02 00:30:17,240: INFO: common: yaml file: params.yaml loaded successfully]
[2025-09-02 00:30:17,241: INFO: common: yaml file: schema.yaml loaded successfully]
[2025-09-02 00:30:17,242: INFO: common: created directory at: artifacts]
[2025-09-02 00:30:17,242: INFO: common: created directory at: artifacts/model_evaluation]
[2025-09-02 00:30:17,747: INFO: common: json file saved at: artifacts\model_evaluation\metrics.json]
[2025-09-02 00:35:08,219: INFO: common: yaml file: config\config.yaml loaded successfully]
[2025-09-02 00:35:08,221: INFO: common: yaml file: params.yaml loaded successfully]
[2025-09-02 00:35:08,222: INFO: common: yaml file: schema.yaml loaded successfully]
[2025-09-02 00:35:08,223: INFO: common: created directory at: artifacts]
[2025-09-02 00:35:08,224: INFO: common: created directory at: artifacts/model_evaluation]
[2025-09-02 00:35:08,760: INFO: common: json file saved at: artifacts\model_evaluation\metrics.json]
[2025-09-02 00:53:56,077: INFO: main: >>>>>> stage Data Ingestion stage started <<<<<<]
[2025-09-02 00:53:56,080: INFO: common: yaml file: config\config.yaml loaded successfully]
[2025-09-02 00:53:56,081: INFO: common: yaml file: params.yaml loaded successfully]
[2025-09-02 00:53:56,083: INFO: common: yaml file: schema.yaml loaded successfully]
[2025-09-02 00:53:56,083: INFO: common: created directory at: artifacts]
[2025-09-02 00:53:56,083: INFO: common: created directory at: artifacts/data_ingestion]
[2025-09-02 00:53:56,084: INFO: data_ingestion: File already exists of size: ~ 27 KB]
[2025-09-02 00:53:56,126: INFO: main: >>>>>> stage Data Ingestion stage completed <<<<<<

x==========x]
[2025-09-02 00:53:56,127: INFO: main: >>>>>> stage Data Validation stage started <<<<<<]
[2025-09-02 00:53:56,131: INFO: common: yaml file: config\config.yaml loaded successfully]
[2025-09-02 00:53:56,133: INFO: common: yaml file: params.yaml loaded successfully]
[2025-09-02 00:53:56,134: INFO: common: yaml file: schema.yaml loaded successfully]
[2025-09-02 00:53:56,134: INFO: common: created directory at: artifacts]
[2025-09-02 00:53:56,134: INFO: common: created directory at: artifacts/data_validation]
[2025-09-02 00:53:56,179: INFO: main: >>>>>> stage Data Validation stage completed <<<<<<

x==========x]
[2025-09-02 00:53:56,179: INFO: main: >>>>>> stage Data Transformation stage started <<<<<<]
[2025-09-02 00:53:56,193: INFO: common: yaml file: config\config.yaml loaded successfully]
[2025-09-02 00:53:56,194: INFO: common: yaml file: params.yaml loaded successfully]
[2025-09-02 00:53:56,195: INFO: common: yaml file: schema.yaml loaded successfully]
[2025-09-02 00:53:56,195: INFO: common: created directory at: artifacts]
[2025-09-02 00:53:56,196: INFO: common: created directory at: artifacts/data_transformation]
[2025-09-02 00:53:56,207: INFO: data_transformation: Splited data into training and test sets]
[2025-09-02 00:53:56,207: INFO: data_transformation: (750, 11)]
[2025-09-02 00:53:56,207: INFO: data_transformation: (250, 11)]
[2025-09-02 00:53:56,207: INFO: main: >>>>>> stage Data Transformation stage completed <<<<<<

x==========x]
[2025-09-02 00:53:56,208: INFO: main: >>>>>> stage Model Trainer stage started <<<<<<]
[2025-09-02 00:53:56,209: INFO: common: yaml file: config\config.yaml loaded successfully]
[2025-09-02 00:53:56,210: INFO: common: yaml file: params.yaml loaded successfully]
[2025-09-02 00:53:56,210: INFO: common: yaml file: schema.yaml loaded successfully]
[2025-09-02 00:53:56,211: INFO: common: created directory at: artifacts]
[2025-09-02 00:53:56,211: INFO: common: created directory at: artifacts/model_trainer]
[2025-09-02 00:53:56,257: ERROR: main: y should be a 1d array, got an array of shape (250, 10) instead.]
Traceback (most recent call last):
  File "C:\Users\narra\OneDrive\Desktop\cibil_score_prediction\main.py", line 50, in <module>
    data_ingestion.main()
    ~~~~~~~~~~~~~~~~~~~^^
  File "C:\Users\narra\OneDrive\Desktop\cibil_score_prediction\src\mlProject\pipeline\stage_04_model_trainer.py", line 17, in main
    model_trainer_config.train()
    ~~~~~~~~~~~~~~~~~~~~~~~~~~^^
  File "C:\Users\narra\OneDrive\Desktop\cibil_score_prediction\src\mlProject\components\model_trainer.py", line 25, in train
    test_x = label_encoder.fit_transform(test_x)
  File "C:\Users\narra\OneDrive\Desktop\cibil_score_prediction\my_env\Lib\site-packages\sklearn\preprocessing\_label.py", line 110, in fit_transform
    y = column_or_1d(y, warn=True)
  File "C:\Users\narra\OneDrive\Desktop\cibil_score_prediction\my_env\Lib\site-packages\sklearn\utils\validation.py", line 1483, in column_or_1d
    raise ValueError(
        "y should be a 1d array, got an array of shape {} instead.".format(shape)
    )
ValueError: y should be a 1d array, got an array of shape (250, 10) instead.
[2025-09-02 00:57:37,066: INFO: main: >>>>>> stage Data Ingestion stage started <<<<<<]
[2025-09-02 00:57:37,068: INFO: common: yaml file: config\config.yaml loaded successfully]
[2025-09-02 00:57:37,069: INFO: common: yaml file: params.yaml loaded successfully]
[2025-09-02 00:57:37,070: INFO: common: yaml file: schema.yaml loaded successfully]
[2025-09-02 00:57:37,071: INFO: common: created directory at: artifacts]
[2025-09-02 00:57:37,071: INFO: common: created directory at: artifacts/data_ingestion]
[2025-09-02 00:57:37,071: INFO: data_ingestion: File already exists of size: ~ 27 KB]
[2025-09-02 00:57:37,073: INFO: main: >>>>>> stage Data Ingestion stage completed <<<<<<

x==========x]
[2025-09-02 00:57:37,073: INFO: main: >>>>>> stage Data Validation stage started <<<<<<]
[2025-09-02 00:57:37,074: INFO: common: yaml file: config\config.yaml loaded successfully]
[2025-09-02 00:57:37,075: INFO: common: yaml file: params.yaml loaded successfully]
[2025-09-02 00:57:37,076: INFO: common: yaml file: schema.yaml loaded successfully]
[2025-09-02 00:57:37,076: INFO: common: created directory at: artifacts]
[2025-09-02 00:57:37,077: INFO: common: created directory at: artifacts/data_validation]
[2025-09-02 00:57:37,100: INFO: main: >>>>>> stage Data Validation stage completed <<<<<<

x==========x]
[2025-09-02 00:57:37,102: INFO: main: >>>>>> stage Data Transformation stage started <<<<<<]
[2025-09-02 00:57:37,108: INFO: common: yaml file: config\config.yaml loaded successfully]
[2025-09-02 00:57:37,109: INFO: common: yaml file: params.yaml loaded successfully]
[2025-09-02 00:57:37,110: INFO: common: yaml file: schema.yaml loaded successfully]
[2025-09-02 00:57:37,110: INFO: common: created directory at: artifacts]
[2025-09-02 00:57:37,111: INFO: common: created directory at: artifacts/data_transformation]
[2025-09-02 00:57:37,120: INFO: data_transformation: Splited data into training and test sets]
[2025-09-02 00:57:37,120: INFO: data_transformation: (750, 11)]
[2025-09-02 00:57:37,121: INFO: data_transformation: (250, 11)]
[2025-09-02 00:57:37,121: INFO: main: >>>>>> stage Data Transformation stage completed <<<<<<

x==========x]
[2025-09-02 00:57:37,121: INFO: main: >>>>>> stage Model Trainer stage started <<<<<<]
[2025-09-02 00:57:37,122: INFO: common: yaml file: config\config.yaml loaded successfully]
[2025-09-02 00:57:37,123: INFO: common: yaml file: params.yaml loaded successfully]
[2025-09-02 00:57:37,124: INFO: common: yaml file: schema.yaml loaded successfully]
[2025-09-02 00:57:37,124: INFO: common: created directory at: artifacts]
[2025-09-02 00:57:37,125: INFO: common: created directory at: artifacts/model_trainer]
[2025-09-02 00:57:37,329: INFO: main: >>>>>> stage Model Trainer stage completed <<<<<<

x==========x]
[2025-09-02 00:57:37,330: INFO: main: >>>>>> stage Model evaluation stage started <<<<<<]
[2025-09-02 00:57:37,331: INFO: common: yaml file: config\config.yaml loaded successfully]
[2025-09-02 00:57:37,332: INFO: common: yaml file: params.yaml loaded successfully]
[2025-09-02 00:57:37,333: INFO: common: yaml file: schema.yaml loaded successfully]
[2025-09-02 00:57:37,333: INFO: common: created directory at: artifacts]
[2025-09-02 00:57:37,334: INFO: common: created directory at: artifacts/model_evaluation]
[2025-09-02 00:57:38,097: ERROR: main: Mix of label input types (string and number)]
Traceback (most recent call last):
  File "C:\Users\narra\OneDrive\Desktop\cibil_score_prediction\main.py", line 62, in <module>
    data_ingestion.main()
    ~~~~~~~~~~~~~~~~~~~^^
  File "C:\Users\narra\OneDrive\Desktop\cibil_score_prediction\src\mlProject\pipeline\stage_05_model_evaluation.py", line 15, in main
    model_evaluation_config.log_into_mlflow()
    ~~~~~~~~~~~~~~~~~~~~~~~~~~~~~~~~~~~~~~~^^
  File "C:\Users\narra\OneDrive\Desktop\cibil_score_prediction\src\mlProject\components\model_evaluation.py", line 38, in log_into_mlflow
    accuracy, cm, cr = self.eval_metrics(test_y, predicted_qualities)
                       ~~~~~~~~~~~~~~~~~^^^^^^^^^^^^^^^^^^^^^^^^^^^^^
  File "C:\Users\narra\OneDrive\Desktop\cibil_score_prediction\src\mlProject\components\model_evaluation.py", line 19, in eval_metrics
    cm = confusion_matrix(actual, pred)
  File "C:\Users\narra\OneDrive\Desktop\cibil_score_prediction\my_env\Lib\site-packages\sklearn\utils\_param_validation.py", line 218, in wrapper
    return func(*args, **kwargs)
  File "C:\Users\narra\OneDrive\Desktop\cibil_score_prediction\my_env\Lib\site-packages\sklearn\metrics\_classification.py", line 472, in confusion_matrix
    labels = unique_labels(y_true, y_pred)
  File "C:\Users\narra\OneDrive\Desktop\cibil_score_prediction\my_env\Lib\site-packages\sklearn\utils\multiclass.py", line 117, in unique_labels
    raise ValueError("Mix of label input types (string and number)")
ValueError: Mix of label input types (string and number)
[2025-09-02 01:05:52,914: INFO: main: >>>>>> stage Data Ingestion stage started <<<<<<]
[2025-09-02 01:05:52,917: INFO: common: yaml file: config\config.yaml loaded successfully]
[2025-09-02 01:05:52,918: INFO: common: yaml file: params.yaml loaded successfully]
[2025-09-02 01:05:52,919: INFO: common: yaml file: schema.yaml loaded successfully]
[2025-09-02 01:05:52,919: INFO: common: created directory at: artifacts]
[2025-09-02 01:05:52,919: INFO: common: created directory at: artifacts/data_ingestion]
[2025-09-02 01:05:52,920: INFO: data_ingestion: File already exists of size: ~ 27 KB]
[2025-09-02 01:05:52,922: INFO: main: >>>>>> stage Data Ingestion stage completed <<<<<<

x==========x]
[2025-09-02 01:05:52,922: INFO: main: >>>>>> stage Data Validation stage started <<<<<<]
[2025-09-02 01:05:52,924: INFO: common: yaml file: config\config.yaml loaded successfully]
[2025-09-02 01:05:52,924: INFO: common: yaml file: params.yaml loaded successfully]
[2025-09-02 01:05:52,925: INFO: common: yaml file: schema.yaml loaded successfully]
[2025-09-02 01:05:52,926: INFO: common: created directory at: artifacts]
[2025-09-02 01:05:52,926: INFO: common: created directory at: artifacts/data_validation]
[2025-09-02 01:05:52,946: INFO: main: >>>>>> stage Data Validation stage completed <<<<<<

x==========x]
[2025-09-02 01:05:52,946: INFO: main: >>>>>> stage Data Transformation stage started <<<<<<]
[2025-09-02 01:05:52,948: INFO: common: yaml file: config\config.yaml loaded successfully]
[2025-09-02 01:05:52,949: INFO: common: yaml file: params.yaml loaded successfully]
[2025-09-02 01:05:52,951: INFO: common: yaml file: schema.yaml loaded successfully]
[2025-09-02 01:05:52,951: INFO: common: created directory at: artifacts]
[2025-09-02 01:05:52,952: INFO: common: created directory at: artifacts/data_transformation]
[2025-09-02 01:05:52,960: INFO: data_transformation: Splited data into training and test sets]
[2025-09-02 01:05:52,961: INFO: data_transformation: (750, 11)]
[2025-09-02 01:05:52,961: INFO: data_transformation: (250, 11)]
[2025-09-02 01:05:52,961: INFO: main: >>>>>> stage Data Transformation stage completed <<<<<<

x==========x]
[2025-09-02 01:05:52,961: INFO: main: >>>>>> stage Model Trainer stage started <<<<<<]
[2025-09-02 01:05:52,962: INFO: common: yaml file: config\config.yaml loaded successfully]
[2025-09-02 01:05:52,963: INFO: common: yaml file: params.yaml loaded successfully]
[2025-09-02 01:05:52,964: INFO: common: yaml file: schema.yaml loaded successfully]
[2025-09-02 01:05:52,965: INFO: common: created directory at: artifacts]
[2025-09-02 01:05:52,965: INFO: common: created directory at: artifacts/model_trainer]
[2025-09-02 01:05:53,138: INFO: main: >>>>>> stage Model Trainer stage completed <<<<<<

x==========x]
[2025-09-02 01:05:53,138: INFO: main: >>>>>> stage Model evaluation stage started <<<<<<]
[2025-09-02 01:05:53,139: INFO: common: yaml file: config\config.yaml loaded successfully]
[2025-09-02 01:05:53,140: INFO: common: yaml file: params.yaml loaded successfully]
[2025-09-02 01:05:53,141: INFO: common: yaml file: schema.yaml loaded successfully]
[2025-09-02 01:05:53,141: INFO: common: created directory at: artifacts]
[2025-09-02 01:05:53,142: INFO: common: created directory at: artifacts/model_evaluation]
[2025-09-02 01:05:53,711: ERROR: main: Mix of label input types (string and number)]
Traceback (most recent call last):
  File "C:\Users\narra\OneDrive\Desktop\cibil_score_prediction\main.py", line 62, in <module>
    data_ingestion.main()
    ~~~~~~~~~~~~~~~~~~~^^
  File "C:\Users\narra\OneDrive\Desktop\cibil_score_prediction\src\mlProject\pipeline\stage_05_model_evaluation.py", line 15, in main
    model_evaluation_config.log_into_mlflow()
    ~~~~~~~~~~~~~~~~~~~~~~~~~~~~~~~~~~~~~~~^^
  File "C:\Users\narra\OneDrive\Desktop\cibil_score_prediction\src\mlProject\components\model_evaluation.py", line 38, in log_into_mlflow
    accuracy, cm, cr = self.eval_metrics(test_y, predicted_qualities)
                       ~~~~~~~~~~~~~~~~~^^^^^^^^^^^^^^^^^^^^^^^^^^^^^
  File "C:\Users\narra\OneDrive\Desktop\cibil_score_prediction\src\mlProject\components\model_evaluation.py", line 19, in eval_metrics
    cm = confusion_matrix(actual, pred)
  File "C:\Users\narra\OneDrive\Desktop\cibil_score_prediction\my_env\Lib\site-packages\sklearn\utils\_param_validation.py", line 218, in wrapper
    return func(*args, **kwargs)
  File "C:\Users\narra\OneDrive\Desktop\cibil_score_prediction\my_env\Lib\site-packages\sklearn\metrics\_classification.py", line 472, in confusion_matrix
    labels = unique_labels(y_true, y_pred)
  File "C:\Users\narra\OneDrive\Desktop\cibil_score_prediction\my_env\Lib\site-packages\sklearn\utils\multiclass.py", line 117, in unique_labels
    raise ValueError("Mix of label input types (string and number)")
ValueError: Mix of label input types (string and number)
[2025-09-02 01:07:17,785: INFO: main: >>>>>> stage Data Ingestion stage started <<<<<<]
[2025-09-02 01:07:17,787: INFO: common: yaml file: config\config.yaml loaded successfully]
[2025-09-02 01:07:17,788: INFO: common: yaml file: params.yaml loaded successfully]
[2025-09-02 01:07:17,789: INFO: common: yaml file: schema.yaml loaded successfully]
[2025-09-02 01:07:17,789: INFO: common: created directory at: artifacts]
[2025-09-02 01:07:17,790: INFO: common: created directory at: artifacts/data_ingestion]
[2025-09-02 01:07:17,790: INFO: data_ingestion: File already exists of size: ~ 27 KB]
[2025-09-02 01:07:17,792: INFO: main: >>>>>> stage Data Ingestion stage completed <<<<<<

x==========x]
[2025-09-02 01:07:17,792: INFO: main: >>>>>> stage Data Validation stage started <<<<<<]
[2025-09-02 01:07:17,796: INFO: common: yaml file: config\config.yaml loaded successfully]
[2025-09-02 01:07:17,798: INFO: common: yaml file: params.yaml loaded successfully]
[2025-09-02 01:07:17,799: INFO: common: yaml file: schema.yaml loaded successfully]
[2025-09-02 01:07:17,800: INFO: common: created directory at: artifacts]
[2025-09-02 01:07:17,800: INFO: common: created directory at: artifacts/data_validation]
[2025-09-02 01:07:17,821: INFO: main: >>>>>> stage Data Validation stage completed <<<<<<

x==========x]
[2025-09-02 01:07:17,821: INFO: main: >>>>>> stage Data Transformation stage started <<<<<<]
[2025-09-02 01:07:17,823: INFO: common: yaml file: config\config.yaml loaded successfully]
[2025-09-02 01:07:17,824: INFO: common: yaml file: params.yaml loaded successfully]
[2025-09-02 01:07:17,825: INFO: common: yaml file: schema.yaml loaded successfully]
[2025-09-02 01:07:17,826: INFO: common: created directory at: artifacts]
[2025-09-02 01:07:17,826: INFO: common: created directory at: artifacts/data_transformation]
[2025-09-02 01:07:17,834: INFO: data_transformation: Splited data into training and test sets]
[2025-09-02 01:07:17,834: INFO: data_transformation: (750, 11)]
[2025-09-02 01:07:17,835: INFO: data_transformation: (250, 11)]
[2025-09-02 01:07:17,835: INFO: main: >>>>>> stage Data Transformation stage completed <<<<<<

x==========x]
[2025-09-02 01:07:17,835: INFO: main: >>>>>> stage Model Trainer stage started <<<<<<]
[2025-09-02 01:07:17,836: INFO: common: yaml file: config\config.yaml loaded successfully]
[2025-09-02 01:07:17,838: INFO: common: yaml file: params.yaml loaded successfully]
[2025-09-02 01:07:17,839: INFO: common: yaml file: schema.yaml loaded successfully]
[2025-09-02 01:07:17,839: INFO: common: created directory at: artifacts]
[2025-09-02 01:07:17,839: INFO: common: created directory at: artifacts/model_trainer]
[2025-09-02 01:07:18,019: INFO: main: >>>>>> stage Model Trainer stage completed <<<<<<

x==========x]
[2025-09-02 01:07:18,019: INFO: main: >>>>>> stage Model evaluation stage started <<<<<<]
[2025-09-02 01:07:18,021: INFO: common: yaml file: config\config.yaml loaded successfully]
[2025-09-02 01:07:18,021: INFO: common: yaml file: params.yaml loaded successfully]
[2025-09-02 01:07:18,022: INFO: common: yaml file: schema.yaml loaded successfully]
[2025-09-02 01:07:18,022: INFO: common: created directory at: artifacts]
[2025-09-02 01:07:18,023: INFO: common: created directory at: artifacts/model_evaluation]
[2025-09-02 01:07:18,565: ERROR: main: Mix of label input types (string and number)]
Traceback (most recent call last):
  File "C:\Users\narra\OneDrive\Desktop\cibil_score_prediction\main.py", line 62, in <module>
    data_ingestion.main()
    ~~~~~~~~~~~~~~~~~~~^^
  File "C:\Users\narra\OneDrive\Desktop\cibil_score_prediction\src\mlProject\pipeline\stage_05_model_evaluation.py", line 15, in main
    model_evaluation_config.log_into_mlflow()
    ~~~~~~~~~~~~~~~~~~~~~~~~~~~~~~~~~~~~~~~^^
  File "C:\Users\narra\OneDrive\Desktop\cibil_score_prediction\src\mlProject\components\model_evaluation.py", line 38, in log_into_mlflow
    accuracy, cm, cr = self.eval_metrics(test_y, predicted_qualities)
                       ~~~~~~~~~~~~~~~~~^^^^^^^^^^^^^^^^^^^^^^^^^^^^^
  File "C:\Users\narra\OneDrive\Desktop\cibil_score_prediction\src\mlProject\components\model_evaluation.py", line 19, in eval_metrics
    cm = confusion_matrix(actual, pred)
  File "C:\Users\narra\OneDrive\Desktop\cibil_score_prediction\my_env\Lib\site-packages\sklearn\utils\_param_validation.py", line 218, in wrapper
    return func(*args, **kwargs)
  File "C:\Users\narra\OneDrive\Desktop\cibil_score_prediction\my_env\Lib\site-packages\sklearn\metrics\_classification.py", line 472, in confusion_matrix
    labels = unique_labels(y_true, y_pred)
  File "C:\Users\narra\OneDrive\Desktop\cibil_score_prediction\my_env\Lib\site-packages\sklearn\utils\multiclass.py", line 117, in unique_labels
    raise ValueError("Mix of label input types (string and number)")
ValueError: Mix of label input types (string and number)
[2025-09-02 01:08:07,172: INFO: main: >>>>>> stage Data Ingestion stage started <<<<<<]
[2025-09-02 01:08:07,176: INFO: common: yaml file: config\config.yaml loaded successfully]
[2025-09-02 01:08:07,178: INFO: common: yaml file: params.yaml loaded successfully]
[2025-09-02 01:08:07,179: INFO: common: yaml file: schema.yaml loaded successfully]
[2025-09-02 01:08:07,180: INFO: common: created directory at: artifacts]
[2025-09-02 01:08:07,180: INFO: common: created directory at: artifacts/data_ingestion]
[2025-09-02 01:08:07,180: INFO: data_ingestion: File already exists of size: ~ 27 KB]
[2025-09-02 01:08:07,182: INFO: main: >>>>>> stage Data Ingestion stage completed <<<<<<

x==========x]
[2025-09-02 01:08:07,182: INFO: main: >>>>>> stage Data Validation stage started <<<<<<]
[2025-09-02 01:08:07,184: INFO: common: yaml file: config\config.yaml loaded successfully]
[2025-09-02 01:08:07,185: INFO: common: yaml file: params.yaml loaded successfully]
[2025-09-02 01:08:07,186: INFO: common: yaml file: schema.yaml loaded successfully]
[2025-09-02 01:08:07,187: INFO: common: created directory at: artifacts]
[2025-09-02 01:08:07,187: INFO: common: created directory at: artifacts/data_validation]
[2025-09-02 01:08:07,216: INFO: main: >>>>>> stage Data Validation stage completed <<<<<<

x==========x]
[2025-09-02 01:08:07,216: INFO: main: >>>>>> stage Data Transformation stage started <<<<<<]
[2025-09-02 01:08:07,221: INFO: common: yaml file: config\config.yaml loaded successfully]
[2025-09-02 01:08:07,222: INFO: common: yaml file: params.yaml loaded successfully]
[2025-09-02 01:08:07,223: INFO: common: yaml file: schema.yaml loaded successfully]
[2025-09-02 01:08:07,224: INFO: common: created directory at: artifacts]
[2025-09-02 01:08:07,224: INFO: common: created directory at: artifacts/data_transformation]
[2025-09-02 01:08:07,260: INFO: data_transformation: Splited data into training and test sets]
[2025-09-02 01:08:07,260: INFO: data_transformation: (750, 11)]
[2025-09-02 01:08:07,260: INFO: data_transformation: (250, 11)]
[2025-09-02 01:08:07,261: INFO: main: >>>>>> stage Data Transformation stage completed <<<<<<

x==========x]
[2025-09-02 01:08:07,261: INFO: main: >>>>>> stage Model Trainer stage started <<<<<<]
[2025-09-02 01:08:07,263: INFO: common: yaml file: config\config.yaml loaded successfully]
[2025-09-02 01:08:07,264: INFO: common: yaml file: params.yaml loaded successfully]
[2025-09-02 01:08:07,265: INFO: common: yaml file: schema.yaml loaded successfully]
[2025-09-02 01:08:07,265: INFO: common: created directory at: artifacts]
[2025-09-02 01:08:07,266: INFO: common: created directory at: artifacts/model_trainer]
[2025-09-02 01:08:07,466: INFO: main: >>>>>> stage Model Trainer stage completed <<<<<<

x==========x]
[2025-09-02 01:08:07,467: INFO: main: >>>>>> stage Model evaluation stage started <<<<<<]
[2025-09-02 01:08:07,468: INFO: common: yaml file: config\config.yaml loaded successfully]
[2025-09-02 01:08:07,469: INFO: common: yaml file: params.yaml loaded successfully]
[2025-09-02 01:08:07,472: INFO: common: yaml file: schema.yaml loaded successfully]
[2025-09-02 01:08:07,472: INFO: common: created directory at: artifacts]
[2025-09-02 01:08:07,472: INFO: common: created directory at: artifacts/model_evaluation]
[2025-09-02 01:08:08,431: ERROR: main: Mix of label input types (string and number)]
Traceback (most recent call last):
  File "C:\Users\narra\OneDrive\Desktop\cibil_score_prediction\main.py", line 62, in <module>
    data_ingestion.main()
    ~~~~~~~~~~~~~~~~~~~^^
  File "C:\Users\narra\OneDrive\Desktop\cibil_score_prediction\src\mlProject\pipeline\stage_05_model_evaluation.py", line 15, in main
    model_evaluation_config.log_into_mlflow()
    ~~~~~~~~~~~~~~~~~~~~~~~~~~~~~~~~~~~~~~~^^
  File "C:\Users\narra\OneDrive\Desktop\cibil_score_prediction\src\mlProject\components\model_evaluation.py", line 38, in log_into_mlflow
    accuracy, cm, cr = self.eval_metrics(test_y, predicted_qualities)
                       ~~~~~~~~~~~~~~~~~^^^^^^^^^^^^^^^^^^^^^^^^^^^^^
  File "C:\Users\narra\OneDrive\Desktop\cibil_score_prediction\src\mlProject\components\model_evaluation.py", line 19, in eval_metrics
    cm = confusion_matrix(actual, pred)
  File "C:\Users\narra\OneDrive\Desktop\cibil_score_prediction\my_env\Lib\site-packages\sklearn\utils\_param_validation.py", line 218, in wrapper
    return func(*args, **kwargs)
  File "C:\Users\narra\OneDrive\Desktop\cibil_score_prediction\my_env\Lib\site-packages\sklearn\metrics\_classification.py", line 472, in confusion_matrix
    labels = unique_labels(y_true, y_pred)
  File "C:\Users\narra\OneDrive\Desktop\cibil_score_prediction\my_env\Lib\site-packages\sklearn\utils\multiclass.py", line 117, in unique_labels
    raise ValueError("Mix of label input types (string and number)")
ValueError: Mix of label input types (string and number)
[2025-09-02 01:08:58,636: INFO: main: >>>>>> stage Data Ingestion stage started <<<<<<]
[2025-09-02 01:08:58,638: INFO: common: yaml file: config\config.yaml loaded successfully]
[2025-09-02 01:08:58,639: INFO: common: yaml file: params.yaml loaded successfully]
[2025-09-02 01:08:58,640: INFO: common: yaml file: schema.yaml loaded successfully]
[2025-09-02 01:08:58,641: INFO: common: created directory at: artifacts]
[2025-09-02 01:08:58,641: INFO: common: created directory at: artifacts/data_ingestion]
[2025-09-02 01:08:58,642: INFO: data_ingestion: File already exists of size: ~ 27 KB]
[2025-09-02 01:08:58,643: INFO: main: >>>>>> stage Data Ingestion stage completed <<<<<<

x==========x]
[2025-09-02 01:08:58,644: INFO: main: >>>>>> stage Data Validation stage started <<<<<<]
[2025-09-02 01:08:58,646: INFO: common: yaml file: config\config.yaml loaded successfully]
[2025-09-02 01:08:58,648: INFO: common: yaml file: params.yaml loaded successfully]
[2025-09-02 01:08:58,650: INFO: common: yaml file: schema.yaml loaded successfully]
[2025-09-02 01:08:58,651: INFO: common: created directory at: artifacts]
[2025-09-02 01:08:58,651: INFO: common: created directory at: artifacts/data_validation]
[2025-09-02 01:08:58,679: INFO: main: >>>>>> stage Data Validation stage completed <<<<<<

x==========x]
[2025-09-02 01:08:58,680: INFO: main: >>>>>> stage Data Transformation stage started <<<<<<]
[2025-09-02 01:08:58,683: INFO: common: yaml file: config\config.yaml loaded successfully]
[2025-09-02 01:08:58,684: INFO: common: yaml file: params.yaml loaded successfully]
[2025-09-02 01:08:58,685: INFO: common: yaml file: schema.yaml loaded successfully]
[2025-09-02 01:08:58,686: INFO: common: created directory at: artifacts]
[2025-09-02 01:08:58,686: INFO: common: created directory at: artifacts/data_transformation]
[2025-09-02 01:08:58,695: INFO: data_transformation: Splited data into training and test sets]
[2025-09-02 01:08:58,696: INFO: data_transformation: (750, 11)]
[2025-09-02 01:08:58,696: INFO: data_transformation: (250, 11)]
[2025-09-02 01:08:58,696: INFO: main: >>>>>> stage Data Transformation stage completed <<<<<<

x==========x]
[2025-09-02 01:08:58,697: INFO: main: >>>>>> stage Model Trainer stage started <<<<<<]
[2025-09-02 01:08:58,698: INFO: common: yaml file: config\config.yaml loaded successfully]
[2025-09-02 01:08:58,699: INFO: common: yaml file: params.yaml loaded successfully]
[2025-09-02 01:08:58,700: INFO: common: yaml file: schema.yaml loaded successfully]
[2025-09-02 01:08:58,700: INFO: common: created directory at: artifacts]
[2025-09-02 01:08:58,700: INFO: common: created directory at: artifacts/model_trainer]
[2025-09-02 01:08:58,885: INFO: main: >>>>>> stage Model Trainer stage completed <<<<<<

x==========x]
[2025-09-02 01:08:58,885: INFO: main: >>>>>> stage Model evaluation stage started <<<<<<]
[2025-09-02 01:08:58,887: INFO: common: yaml file: config\config.yaml loaded successfully]
[2025-09-02 01:08:58,887: INFO: common: yaml file: params.yaml loaded successfully]
[2025-09-02 01:08:58,888: INFO: common: yaml file: schema.yaml loaded successfully]
[2025-09-02 01:08:58,889: INFO: common: created directory at: artifacts]
[2025-09-02 01:08:58,889: INFO: common: created directory at: artifacts/model_evaluation]
[2025-09-02 01:08:59,421: ERROR: main: Mix of label input types (string and number)]
Traceback (most recent call last):
  File "C:\Users\narra\OneDrive\Desktop\cibil_score_prediction\main.py", line 62, in <module>
    data_ingestion.main()
    ~~~~~~~~~~~~~~~~~~~^^
  File "C:\Users\narra\OneDrive\Desktop\cibil_score_prediction\src\mlProject\pipeline\stage_05_model_evaluation.py", line 15, in main
    model_evaluation_config.log_into_mlflow()
    ~~~~~~~~~~~~~~~~~~~~~~~~~~~~~~~~~~~~~~~^^
  File "C:\Users\narra\OneDrive\Desktop\cibil_score_prediction\src\mlProject\components\model_evaluation.py", line 38, in log_into_mlflow
    accuracy, cm, cr = self.eval_metrics(test_y, predicted_qualities)
                       ~~~~~~~~~~~~~~~~~^^^^^^^^^^^^^^^^^^^^^^^^^^^^^
  File "C:\Users\narra\OneDrive\Desktop\cibil_score_prediction\src\mlProject\components\model_evaluation.py", line 19, in eval_metrics
    cm = confusion_matrix(actual, pred)
  File "C:\Users\narra\OneDrive\Desktop\cibil_score_prediction\my_env\Lib\site-packages\sklearn\utils\_param_validation.py", line 218, in wrapper
    return func(*args, **kwargs)
  File "C:\Users\narra\OneDrive\Desktop\cibil_score_prediction\my_env\Lib\site-packages\sklearn\metrics\_classification.py", line 472, in confusion_matrix
    labels = unique_labels(y_true, y_pred)
  File "C:\Users\narra\OneDrive\Desktop\cibil_score_prediction\my_env\Lib\site-packages\sklearn\utils\multiclass.py", line 117, in unique_labels
    raise ValueError("Mix of label input types (string and number)")
ValueError: Mix of label input types (string and number)
[2025-09-02 01:09:48,907: INFO: main: >>>>>> stage Data Ingestion stage started <<<<<<]
[2025-09-02 01:09:48,909: INFO: common: yaml file: config\config.yaml loaded successfully]
[2025-09-02 01:09:48,909: INFO: common: yaml file: params.yaml loaded successfully]
[2025-09-02 01:09:48,910: INFO: common: yaml file: schema.yaml loaded successfully]
[2025-09-02 01:09:48,911: INFO: common: created directory at: artifacts]
[2025-09-02 01:09:48,911: INFO: common: created directory at: artifacts/data_ingestion]
[2025-09-02 01:09:48,911: INFO: data_ingestion: File already exists of size: ~ 27 KB]
[2025-09-02 01:09:48,913: INFO: main: >>>>>> stage Data Ingestion stage completed <<<<<<

x==========x]
[2025-09-02 01:09:48,916: INFO: main: >>>>>> stage Data Validation stage started <<<<<<]
[2025-09-02 01:09:48,918: INFO: common: yaml file: config\config.yaml loaded successfully]
[2025-09-02 01:09:48,919: INFO: common: yaml file: params.yaml loaded successfully]
[2025-09-02 01:09:48,920: INFO: common: yaml file: schema.yaml loaded successfully]
[2025-09-02 01:09:48,920: INFO: common: created directory at: artifacts]
[2025-09-02 01:09:48,920: INFO: common: created directory at: artifacts/data_validation]
[2025-09-02 01:09:48,940: INFO: main: >>>>>> stage Data Validation stage completed <<<<<<

x==========x]
[2025-09-02 01:09:48,940: INFO: main: >>>>>> stage Data Transformation stage started <<<<<<]
[2025-09-02 01:09:48,944: INFO: common: yaml file: config\config.yaml loaded successfully]
[2025-09-02 01:09:48,945: INFO: common: yaml file: params.yaml loaded successfully]
[2025-09-02 01:09:48,946: INFO: common: yaml file: schema.yaml loaded successfully]
[2025-09-02 01:09:48,947: INFO: common: created directory at: artifacts]
[2025-09-02 01:09:48,947: INFO: common: created directory at: artifacts/data_transformation]
[2025-09-02 01:09:48,956: INFO: data_transformation: Splited data into training and test sets]
[2025-09-02 01:09:48,956: INFO: data_transformation: (750, 11)]
[2025-09-02 01:09:48,956: INFO: data_transformation: (250, 11)]
[2025-09-02 01:09:48,956: INFO: main: >>>>>> stage Data Transformation stage completed <<<<<<

x==========x]
[2025-09-02 01:09:48,956: INFO: main: >>>>>> stage Model Trainer stage started <<<<<<]
[2025-09-02 01:09:48,957: INFO: common: yaml file: config\config.yaml loaded successfully]
[2025-09-02 01:09:48,959: INFO: common: yaml file: params.yaml loaded successfully]
[2025-09-02 01:09:48,960: INFO: common: yaml file: schema.yaml loaded successfully]
[2025-09-02 01:09:48,960: INFO: common: created directory at: artifacts]
[2025-09-02 01:09:48,961: INFO: common: created directory at: artifacts/model_trainer]
[2025-09-02 01:09:49,138: INFO: main: >>>>>> stage Model Trainer stage completed <<<<<<

x==========x]
[2025-09-02 01:09:49,138: INFO: main: >>>>>> stage Model evaluation stage started <<<<<<]
[2025-09-02 01:09:49,140: INFO: common: yaml file: config\config.yaml loaded successfully]
[2025-09-02 01:09:49,140: INFO: common: yaml file: params.yaml loaded successfully]
[2025-09-02 01:09:49,141: INFO: common: yaml file: schema.yaml loaded successfully]
[2025-09-02 01:09:49,142: INFO: common: created directory at: artifacts]
[2025-09-02 01:09:49,142: INFO: common: created directory at: artifacts/model_evaluation]
[2025-09-02 01:09:49,717: ERROR: main: Mix of label input types (string and number)]
Traceback (most recent call last):
  File "C:\Users\narra\OneDrive\Desktop\cibil_score_prediction\main.py", line 62, in <module>
    data_ingestion.main()
    ~~~~~~~~~~~~~~~~~~~^^
  File "C:\Users\narra\OneDrive\Desktop\cibil_score_prediction\src\mlProject\pipeline\stage_05_model_evaluation.py", line 15, in main
    model_evaluation_config.log_into_mlflow()
    ~~~~~~~~~~~~~~~~~~~~~~~~~~~~~~~~~~~~~~~^^
  File "C:\Users\narra\OneDrive\Desktop\cibil_score_prediction\src\mlProject\components\model_evaluation.py", line 38, in log_into_mlflow
    accuracy, cm, cr = self.eval_metrics(test_y, predicted_qualities)
                       ~~~~~~~~~~~~~~~~~^^^^^^^^^^^^^^^^^^^^^^^^^^^^^
  File "C:\Users\narra\OneDrive\Desktop\cibil_score_prediction\src\mlProject\components\model_evaluation.py", line 19, in eval_metrics
    cm = confusion_matrix(actual, pred)
  File "C:\Users\narra\OneDrive\Desktop\cibil_score_prediction\my_env\Lib\site-packages\sklearn\utils\_param_validation.py", line 218, in wrapper
    return func(*args, **kwargs)
  File "C:\Users\narra\OneDrive\Desktop\cibil_score_prediction\my_env\Lib\site-packages\sklearn\metrics\_classification.py", line 472, in confusion_matrix
    labels = unique_labels(y_true, y_pred)
  File "C:\Users\narra\OneDrive\Desktop\cibil_score_prediction\my_env\Lib\site-packages\sklearn\utils\multiclass.py", line 117, in unique_labels
    raise ValueError("Mix of label input types (string and number)")
ValueError: Mix of label input types (string and number)
[2025-09-02 01:13:28,392: INFO: main: >>>>>> stage Data Ingestion stage started <<<<<<]
[2025-09-02 01:13:28,394: INFO: common: yaml file: config\config.yaml loaded successfully]
[2025-09-02 01:13:28,396: INFO: common: yaml file: params.yaml loaded successfully]
[2025-09-02 01:13:28,396: INFO: common: yaml file: schema.yaml loaded successfully]
[2025-09-02 01:13:28,397: INFO: common: created directory at: artifacts]
[2025-09-02 01:13:28,397: INFO: common: created directory at: artifacts/data_ingestion]
[2025-09-02 01:13:28,397: INFO: data_ingestion: File already exists of size: ~ 27 KB]
[2025-09-02 01:13:28,399: INFO: main: >>>>>> stage Data Ingestion stage completed <<<<<<

x==========x]
[2025-09-02 01:13:28,399: INFO: main: >>>>>> stage Data Validation stage started <<<<<<]
[2025-09-02 01:13:28,400: INFO: common: yaml file: config\config.yaml loaded successfully]
[2025-09-02 01:13:28,401: INFO: common: yaml file: params.yaml loaded successfully]
[2025-09-02 01:13:28,403: INFO: common: yaml file: schema.yaml loaded successfully]
[2025-09-02 01:13:28,403: INFO: common: created directory at: artifacts]
[2025-09-02 01:13:28,404: INFO: common: created directory at: artifacts/data_validation]
[2025-09-02 01:13:28,424: INFO: main: >>>>>> stage Data Validation stage completed <<<<<<

x==========x]
[2025-09-02 01:13:28,424: INFO: main: >>>>>> stage Data Transformation stage started <<<<<<]
[2025-09-02 01:13:28,427: INFO: common: yaml file: config\config.yaml loaded successfully]
[2025-09-02 01:13:28,428: INFO: common: yaml file: params.yaml loaded successfully]
[2025-09-02 01:13:28,429: INFO: common: yaml file: schema.yaml loaded successfully]
[2025-09-02 01:13:28,429: INFO: common: created directory at: artifacts]
[2025-09-02 01:13:28,430: INFO: common: created directory at: artifacts/data_transformation]
[2025-09-02 01:13:28,439: INFO: data_transformation: Splited data into training and test sets]
[2025-09-02 01:13:28,440: INFO: data_transformation: (750, 11)]
[2025-09-02 01:13:28,441: INFO: data_transformation: (250, 11)]
[2025-09-02 01:13:28,442: INFO: main: >>>>>> stage Data Transformation stage completed <<<<<<

x==========x]
[2025-09-02 01:13:28,442: INFO: main: >>>>>> stage Model Trainer stage started <<<<<<]
[2025-09-02 01:13:28,444: INFO: common: yaml file: config\config.yaml loaded successfully]
[2025-09-02 01:13:28,445: INFO: common: yaml file: params.yaml loaded successfully]
[2025-09-02 01:13:28,446: INFO: common: yaml file: schema.yaml loaded successfully]
[2025-09-02 01:13:28,447: INFO: common: created directory at: artifacts]
[2025-09-02 01:13:28,447: INFO: common: created directory at: artifacts/model_trainer]
[2025-09-02 01:13:28,630: INFO: main: >>>>>> stage Model Trainer stage completed <<<<<<

x==========x]
[2025-09-02 01:13:28,630: INFO: main: >>>>>> stage Model evaluation stage started <<<<<<]
[2025-09-02 01:13:28,632: INFO: common: yaml file: config\config.yaml loaded successfully]
[2025-09-02 01:13:28,632: INFO: common: yaml file: params.yaml loaded successfully]
[2025-09-02 01:13:28,633: INFO: common: yaml file: schema.yaml loaded successfully]
[2025-09-02 01:13:28,634: INFO: common: created directory at: artifacts]
[2025-09-02 01:13:28,634: INFO: common: created directory at: artifacts/model_evaluation]
[2025-09-02 01:13:29,233: ERROR: main: Mix of label input types (string and number)]
Traceback (most recent call last):
  File "C:\Users\narra\OneDrive\Desktop\cibil_score_prediction\main.py", line 62, in <module>
    data_ingestion.main()
    ~~~~~~~~~~~~~~~~~~~^^
  File "C:\Users\narra\OneDrive\Desktop\cibil_score_prediction\src\mlProject\pipeline\stage_05_model_evaluation.py", line 15, in main
    model_evaluation_config.log_into_mlflow()
    ~~~~~~~~~~~~~~~~~~~~~~~~~~~~~~~~~~~~~~~^^
  File "C:\Users\narra\OneDrive\Desktop\cibil_score_prediction\src\mlProject\components\model_evaluation.py", line 38, in log_into_mlflow
    accuracy, cm, cr = self.eval_metrics(test_y, predicted_qualities)
                       ~~~~~~~~~~~~~~~~~^^^^^^^^^^^^^^^^^^^^^^^^^^^^^
  File "C:\Users\narra\OneDrive\Desktop\cibil_score_prediction\src\mlProject\components\model_evaluation.py", line 19, in eval_metrics
    cm = confusion_matrix(actual, pred)
  File "C:\Users\narra\OneDrive\Desktop\cibil_score_prediction\my_env\Lib\site-packages\sklearn\utils\_param_validation.py", line 218, in wrapper
    return func(*args, **kwargs)
  File "C:\Users\narra\OneDrive\Desktop\cibil_score_prediction\my_env\Lib\site-packages\sklearn\metrics\_classification.py", line 472, in confusion_matrix
    labels = unique_labels(y_true, y_pred)
  File "C:\Users\narra\OneDrive\Desktop\cibil_score_prediction\my_env\Lib\site-packages\sklearn\utils\multiclass.py", line 117, in unique_labels
    raise ValueError("Mix of label input types (string and number)")
ValueError: Mix of label input types (string and number)
[2025-09-02 01:20:17,103: INFO: main: >>>>>> stage Data Ingestion stage started <<<<<<]
[2025-09-02 01:20:17,107: INFO: common: yaml file: config\config.yaml loaded successfully]
[2025-09-02 01:20:17,108: INFO: common: yaml file: params.yaml loaded successfully]
[2025-09-02 01:20:17,109: INFO: common: yaml file: schema.yaml loaded successfully]
[2025-09-02 01:20:17,110: INFO: common: created directory at: artifacts]
[2025-09-02 01:20:17,110: INFO: common: created directory at: artifacts/data_ingestion]
[2025-09-02 01:20:17,110: INFO: data_ingestion: File already exists of size: ~ 27 KB]
[2025-09-02 01:20:17,113: INFO: main: >>>>>> stage Data Ingestion stage completed <<<<<<

x==========x]
[2025-09-02 01:20:17,113: INFO: main: >>>>>> stage Data Validation stage started <<<<<<]
[2025-09-02 01:20:17,114: INFO: common: yaml file: config\config.yaml loaded successfully]
[2025-09-02 01:20:17,115: INFO: common: yaml file: params.yaml loaded successfully]
[2025-09-02 01:20:17,116: INFO: common: yaml file: schema.yaml loaded successfully]
[2025-09-02 01:20:17,117: INFO: common: created directory at: artifacts]
[2025-09-02 01:20:17,117: INFO: common: created directory at: artifacts/data_validation]
[2025-09-02 01:20:17,145: INFO: main: >>>>>> stage Data Validation stage completed <<<<<<

x==========x]
[2025-09-02 01:20:17,146: INFO: main: >>>>>> stage Data Transformation stage started <<<<<<]
[2025-09-02 01:20:17,149: INFO: common: yaml file: config\config.yaml loaded successfully]
[2025-09-02 01:20:17,150: INFO: common: yaml file: params.yaml loaded successfully]
[2025-09-02 01:20:17,151: INFO: common: yaml file: schema.yaml loaded successfully]
[2025-09-02 01:20:17,151: INFO: common: created directory at: artifacts]
[2025-09-02 01:20:17,152: INFO: common: created directory at: artifacts/data_transformation]
[2025-09-02 01:20:17,161: INFO: data_transformation: Splited data into training and test sets]
[2025-09-02 01:20:17,161: INFO: data_transformation: (750, 11)]
[2025-09-02 01:20:17,161: INFO: data_transformation: (250, 11)]
[2025-09-02 01:20:17,162: INFO: main: >>>>>> stage Data Transformation stage completed <<<<<<

x==========x]
[2025-09-02 01:20:17,162: INFO: main: >>>>>> stage Model Trainer stage started <<<<<<]
[2025-09-02 01:20:17,164: INFO: common: yaml file: config\config.yaml loaded successfully]
[2025-09-02 01:20:17,165: INFO: common: yaml file: params.yaml loaded successfully]
[2025-09-02 01:20:17,166: INFO: common: yaml file: schema.yaml loaded successfully]
[2025-09-02 01:20:17,166: INFO: common: created directory at: artifacts]
[2025-09-02 01:20:17,166: INFO: common: created directory at: artifacts/model_trainer]
[2025-09-02 01:20:17,444: INFO: main: >>>>>> stage Model Trainer stage completed <<<<<<

x==========x]
[2025-09-02 01:20:17,445: INFO: main: >>>>>> stage Model evaluation stage started <<<<<<]
[2025-09-02 01:20:17,446: INFO: common: yaml file: config\config.yaml loaded successfully]
[2025-09-02 01:20:17,447: INFO: common: yaml file: params.yaml loaded successfully]
[2025-09-02 01:20:17,448: INFO: common: yaml file: schema.yaml loaded successfully]
[2025-09-02 01:20:17,449: INFO: common: created directory at: artifacts]
[2025-09-02 01:20:17,449: INFO: common: created directory at: artifacts/model_evaluation]
[2025-09-02 01:20:18,018: ERROR: main: Mix of label input types (string and number)]
Traceback (most recent call last):
  File "C:\Users\narra\OneDrive\Desktop\cibil_score_prediction\main.py", line 62, in <module>
    data_ingestion.main()
    ~~~~~~~~~~~~~~~~~~~^^
  File "C:\Users\narra\OneDrive\Desktop\cibil_score_prediction\src\mlProject\pipeline\stage_05_model_evaluation.py", line 15, in main
    model_evaluation_config.log_into_mlflow()
    ~~~~~~~~~~~~~~~~~~~~~~~~~~~~~~~~~~~~~~~^^
  File "C:\Users\narra\OneDrive\Desktop\cibil_score_prediction\src\mlProject\components\model_evaluation.py", line 38, in log_into_mlflow
    accuracy, cm, cr = self.eval_metrics(test_y, predicted_qualities)
                       ~~~~~~~~~~~~~~~~~^^^^^^^^^^^^^^^^^^^^^^^^^^^^^
  File "C:\Users\narra\OneDrive\Desktop\cibil_score_prediction\src\mlProject\components\model_evaluation.py", line 19, in eval_metrics
    cm = confusion_matrix(actual, pred)
  File "C:\Users\narra\OneDrive\Desktop\cibil_score_prediction\my_env\Lib\site-packages\sklearn\utils\_param_validation.py", line 218, in wrapper
    return func(*args, **kwargs)
  File "C:\Users\narra\OneDrive\Desktop\cibil_score_prediction\my_env\Lib\site-packages\sklearn\metrics\_classification.py", line 472, in confusion_matrix
    labels = unique_labels(y_true, y_pred)
  File "C:\Users\narra\OneDrive\Desktop\cibil_score_prediction\my_env\Lib\site-packages\sklearn\utils\multiclass.py", line 117, in unique_labels
    raise ValueError("Mix of label input types (string and number)")
ValueError: Mix of label input types (string and number)
[2025-09-02 01:27:15,490: INFO: main: >>>>>> stage Data Ingestion stage started <<<<<<]
[2025-09-02 01:27:15,491: INFO: common: yaml file: config\config.yaml loaded successfully]
[2025-09-02 01:27:15,492: INFO: common: yaml file: params.yaml loaded successfully]
[2025-09-02 01:27:15,493: INFO: common: yaml file: schema.yaml loaded successfully]
[2025-09-02 01:27:15,493: INFO: common: created directory at: artifacts]
[2025-09-02 01:27:15,494: INFO: common: created directory at: artifacts/data_ingestion]
[2025-09-02 01:27:15,494: INFO: data_ingestion: File already exists of size: ~ 27 KB]
[2025-09-02 01:27:15,496: INFO: main: >>>>>> stage Data Ingestion stage completed <<<<<<

x==========x]
[2025-09-02 01:27:15,496: INFO: main: >>>>>> stage Data Validation stage started <<<<<<]
[2025-09-02 01:27:15,498: INFO: common: yaml file: config\config.yaml loaded successfully]
[2025-09-02 01:27:15,498: INFO: common: yaml file: params.yaml loaded successfully]
[2025-09-02 01:27:15,499: INFO: common: yaml file: schema.yaml loaded successfully]
[2025-09-02 01:27:15,499: INFO: common: created directory at: artifacts]
[2025-09-02 01:27:15,500: INFO: common: created directory at: artifacts/data_validation]
[2025-09-02 01:27:15,526: INFO: main: >>>>>> stage Data Validation stage completed <<<<<<

x==========x]
[2025-09-02 01:27:15,528: INFO: main: >>>>>> stage Data Transformation stage started <<<<<<]
[2025-09-02 01:27:15,531: INFO: common: yaml file: config\config.yaml loaded successfully]
[2025-09-02 01:27:15,532: INFO: common: yaml file: params.yaml loaded successfully]
[2025-09-02 01:27:15,533: INFO: common: yaml file: schema.yaml loaded successfully]
[2025-09-02 01:27:15,534: INFO: common: created directory at: artifacts]
[2025-09-02 01:27:15,534: INFO: common: created directory at: artifacts/data_transformation]
[2025-09-02 01:27:15,543: INFO: data_transformation: Splited data into training and test sets]
[2025-09-02 01:27:15,543: INFO: data_transformation: (750, 11)]
[2025-09-02 01:27:15,543: INFO: data_transformation: (250, 11)]
[2025-09-02 01:27:15,543: INFO: main: >>>>>> stage Data Transformation stage completed <<<<<<

x==========x]
[2025-09-02 01:27:15,543: INFO: main: >>>>>> stage Model Trainer stage started <<<<<<]
[2025-09-02 01:27:15,545: INFO: common: yaml file: config\config.yaml loaded successfully]
[2025-09-02 01:27:15,545: INFO: common: yaml file: params.yaml loaded successfully]
[2025-09-02 01:27:15,546: INFO: common: yaml file: schema.yaml loaded successfully]
[2025-09-02 01:27:15,546: INFO: common: created directory at: artifacts]
[2025-09-02 01:27:15,547: INFO: common: created directory at: artifacts/model_trainer]
[2025-09-02 01:27:15,721: INFO: main: >>>>>> stage Model Trainer stage completed <<<<<<

x==========x]
[2025-09-02 01:27:15,721: INFO: main: >>>>>> stage Model evaluation stage started <<<<<<]
[2025-09-02 01:27:15,723: INFO: common: yaml file: config\config.yaml loaded successfully]
[2025-09-02 01:27:15,723: INFO: common: yaml file: params.yaml loaded successfully]
[2025-09-02 01:27:15,724: INFO: common: yaml file: schema.yaml loaded successfully]
[2025-09-02 01:27:15,725: INFO: common: created directory at: artifacts]
[2025-09-02 01:27:15,725: INFO: common: created directory at: artifacts/model_evaluation]
[2025-09-02 01:27:16,264: INFO: common: json file saved at: artifacts\model_evaluation\metrics.json]
[2025-09-02 01:27:16,286: INFO: main: >>>>>> stage Model evaluation stage completed <<<<<<

x==========x]
[2025-09-02 01:28:28,087: INFO: main: >>>>>> stage Data Ingestion stage started <<<<<<]
[2025-09-02 01:28:28,091: INFO: common: yaml file: config\config.yaml loaded successfully]
[2025-09-02 01:28:28,092: INFO: common: yaml file: params.yaml loaded successfully]
[2025-09-02 01:28:28,093: INFO: common: yaml file: schema.yaml loaded successfully]
[2025-09-02 01:28:28,093: INFO: common: created directory at: artifacts]
[2025-09-02 01:28:28,094: INFO: common: created directory at: artifacts/data_ingestion]
[2025-09-02 01:28:28,094: INFO: data_ingestion: File already exists of size: ~ 27 KB]
[2025-09-02 01:28:28,095: INFO: main: >>>>>> stage Data Ingestion stage completed <<<<<<

x==========x]
[2025-09-02 01:28:28,096: INFO: main: >>>>>> stage Data Validation stage started <<<<<<]
[2025-09-02 01:28:28,097: INFO: common: yaml file: config\config.yaml loaded successfully]
[2025-09-02 01:28:28,098: INFO: common: yaml file: params.yaml loaded successfully]
[2025-09-02 01:28:28,099: INFO: common: yaml file: schema.yaml loaded successfully]
[2025-09-02 01:28:28,099: INFO: common: created directory at: artifacts]
[2025-09-02 01:28:28,100: INFO: common: created directory at: artifacts/data_validation]
[2025-09-02 01:28:28,120: INFO: main: >>>>>> stage Data Validation stage completed <<<<<<

x==========x]
[2025-09-02 01:28:28,124: INFO: main: >>>>>> stage Data Transformation stage started <<<<<<]
[2025-09-02 01:28:28,127: INFO: common: yaml file: config\config.yaml loaded successfully]
[2025-09-02 01:28:28,132: INFO: common: yaml file: params.yaml loaded successfully]
[2025-09-02 01:28:28,133: INFO: common: yaml file: schema.yaml loaded successfully]
[2025-09-02 01:28:28,134: INFO: common: created directory at: artifacts]
[2025-09-02 01:28:28,134: INFO: common: created directory at: artifacts/data_transformation]
[2025-09-02 01:28:28,143: INFO: data_transformation: Splited data into training and test sets]
[2025-09-02 01:28:28,144: INFO: data_transformation: (750, 11)]
[2025-09-02 01:28:28,144: INFO: data_transformation: (250, 11)]
[2025-09-02 01:28:28,145: INFO: main: >>>>>> stage Data Transformation stage completed <<<<<<

x==========x]
[2025-09-02 01:28:28,145: INFO: main: >>>>>> stage Model Trainer stage started <<<<<<]
[2025-09-02 01:28:28,147: INFO: common: yaml file: config\config.yaml loaded successfully]
[2025-09-02 01:28:28,148: INFO: common: yaml file: params.yaml loaded successfully]
[2025-09-02 01:28:28,149: INFO: common: yaml file: schema.yaml loaded successfully]
[2025-09-02 01:28:28,150: INFO: common: created directory at: artifacts]
[2025-09-02 01:28:28,150: INFO: common: created directory at: artifacts/model_trainer]
[2025-09-02 01:28:28,336: INFO: main: >>>>>> stage Model Trainer stage completed <<<<<<

x==========x]
[2025-09-02 01:28:28,337: INFO: main: >>>>>> stage Model evaluation stage started <<<<<<]
[2025-09-02 01:28:28,339: INFO: common: yaml file: config\config.yaml loaded successfully]
[2025-09-02 01:28:28,340: INFO: common: yaml file: params.yaml loaded successfully]
[2025-09-02 01:28:28,341: INFO: common: yaml file: schema.yaml loaded successfully]
[2025-09-02 01:28:28,341: INFO: common: created directory at: artifacts]
[2025-09-02 01:28:28,342: INFO: common: created directory at: artifacts/model_evaluation]
[2025-09-02 01:28:28,877: INFO: common: json file saved at: artifacts\model_evaluation\metrics.json]
[2025-09-02 01:28:28,900: INFO: main: >>>>>> stage Model evaluation stage completed <<<<<<

x==========x]
[2025-09-02 01:31:00,555: INFO: common: yaml file: config\config.yaml loaded successfully]
[2025-09-02 01:31:00,557: INFO: common: yaml file: params.yaml loaded successfully]
[2025-09-02 01:31:00,559: INFO: common: yaml file: schema.yaml loaded successfully]
[2025-09-02 01:31:00,560: INFO: common: created directory at: artifacts]
[2025-09-02 01:31:00,561: INFO: common: created directory at: artifacts/model_evaluation]
[2025-09-02 01:31:01,698: INFO: common: json file saved at: artifacts\model_evaluation\metrics.json]
[2025-09-02 01:35:37,540: INFO: main: >>>>>> stage Data Ingestion stage started <<<<<<]
[2025-09-02 01:35:37,542: INFO: common: yaml file: config\config.yaml loaded successfully]
[2025-09-02 01:35:37,543: INFO: common: yaml file: params.yaml loaded successfully]
[2025-09-02 01:35:37,543: INFO: common: yaml file: schema.yaml loaded successfully]
[2025-09-02 01:35:37,544: INFO: common: created directory at: artifacts]
[2025-09-02 01:35:37,544: INFO: common: created directory at: artifacts/data_ingestion]
[2025-09-02 01:35:37,544: INFO: data_ingestion: File already exists of size: ~ 27 KB]
[2025-09-02 01:35:37,546: INFO: main: >>>>>> stage Data Ingestion stage completed <<<<<<

x==========x]
[2025-09-02 01:35:37,546: INFO: main: >>>>>> stage Data Validation stage started <<<<<<]
[2025-09-02 01:35:37,548: INFO: common: yaml file: config\config.yaml loaded successfully]
[2025-09-02 01:35:37,548: INFO: common: yaml file: params.yaml loaded successfully]
[2025-09-02 01:35:37,549: INFO: common: yaml file: schema.yaml loaded successfully]
[2025-09-02 01:35:37,550: INFO: common: created directory at: artifacts]
[2025-09-02 01:35:37,550: INFO: common: created directory at: artifacts/data_validation]
[2025-09-02 01:35:37,570: INFO: main: >>>>>> stage Data Validation stage completed <<<<<<

x==========x]
[2025-09-02 01:35:37,570: INFO: main: >>>>>> stage Data Transformation stage started <<<<<<]
[2025-09-02 01:35:37,572: INFO: common: yaml file: config\config.yaml loaded successfully]
[2025-09-02 01:35:37,573: INFO: common: yaml file: params.yaml loaded successfully]
[2025-09-02 01:35:37,573: INFO: common: yaml file: schema.yaml loaded successfully]
[2025-09-02 01:35:37,574: INFO: common: created directory at: artifacts]
[2025-09-02 01:35:37,574: INFO: common: created directory at: artifacts/data_transformation]
[2025-09-02 01:35:37,583: INFO: data_transformation: Splited data into training and test sets]
[2025-09-02 01:35:37,583: INFO: data_transformation: (750, 11)]
[2025-09-02 01:35:37,583: INFO: data_transformation: (250, 11)]
[2025-09-02 01:35:37,583: INFO: main: >>>>>> stage Data Transformation stage completed <<<<<<

x==========x]
[2025-09-02 01:35:37,584: INFO: main: >>>>>> stage Model Trainer stage started <<<<<<]
[2025-09-02 01:35:37,585: INFO: common: yaml file: config\config.yaml loaded successfully]
[2025-09-02 01:35:37,586: INFO: common: yaml file: params.yaml loaded successfully]
[2025-09-02 01:35:37,587: INFO: common: yaml file: schema.yaml loaded successfully]
[2025-09-02 01:35:37,587: INFO: common: created directory at: artifacts]
[2025-09-02 01:35:37,587: INFO: common: created directory at: artifacts/model_trainer]
[2025-09-02 01:35:37,762: INFO: main: >>>>>> stage Model Trainer stage completed <<<<<<

x==========x]
[2025-09-02 01:35:37,763: INFO: main: >>>>>> stage Model evaluation stage started <<<<<<]
[2025-09-02 01:35:37,764: INFO: common: yaml file: config\config.yaml loaded successfully]
[2025-09-02 01:35:37,765: INFO: common: yaml file: params.yaml loaded successfully]
[2025-09-02 01:35:37,766: INFO: common: yaml file: schema.yaml loaded successfully]
[2025-09-02 01:35:37,767: INFO: common: created directory at: artifacts]
[2025-09-02 01:35:37,767: INFO: common: created directory at: artifacts/model_evaluation]
[2025-09-02 01:35:38,324: INFO: common: json file saved at: artifacts\model_evaluation\metrics.json]
[2025-09-02 01:35:38,345: INFO: main: >>>>>> stage Model evaluation stage completed <<<<<<

x==========x]
[2025-09-02 01:39:11,080: INFO: main: >>>>>> stage Data Ingestion stage started <<<<<<]
[2025-09-02 01:39:11,082: INFO: common: yaml file: config\config.yaml loaded successfully]
[2025-09-02 01:39:11,083: INFO: common: yaml file: params.yaml loaded successfully]
[2025-09-02 01:39:11,084: INFO: common: yaml file: schema.yaml loaded successfully]
[2025-09-02 01:39:11,084: INFO: common: created directory at: artifacts]
[2025-09-02 01:39:11,085: INFO: common: created directory at: artifacts/data_ingestion]
[2025-09-02 01:39:11,085: INFO: data_ingestion: File already exists of size: ~ 27 KB]
[2025-09-02 01:39:11,087: INFO: main: >>>>>> stage Data Ingestion stage completed <<<<<<

x==========x]
[2025-09-02 01:39:11,087: INFO: main: >>>>>> stage Data Validation stage started <<<<<<]
[2025-09-02 01:39:11,088: INFO: common: yaml file: config\config.yaml loaded successfully]
[2025-09-02 01:39:11,089: INFO: common: yaml file: params.yaml loaded successfully]
[2025-09-02 01:39:11,090: INFO: common: yaml file: schema.yaml loaded successfully]
[2025-09-02 01:39:11,090: INFO: common: created directory at: artifacts]
[2025-09-02 01:39:11,090: INFO: common: created directory at: artifacts/data_validation]
[2025-09-02 01:39:11,118: INFO: main: >>>>>> stage Data Validation stage completed <<<<<<

x==========x]
[2025-09-02 01:39:11,118: INFO: main: >>>>>> stage Data Transformation stage started <<<<<<]
[2025-09-02 01:39:11,120: INFO: common: yaml file: config\config.yaml loaded successfully]
[2025-09-02 01:39:11,121: INFO: common: yaml file: params.yaml loaded successfully]
[2025-09-02 01:39:11,121: INFO: common: yaml file: schema.yaml loaded successfully]
[2025-09-02 01:39:11,122: INFO: common: created directory at: artifacts]
[2025-09-02 01:39:11,122: INFO: common: created directory at: artifacts/data_transformation]
[2025-09-02 01:39:11,130: INFO: data_transformation: Splited data into training and test sets]
[2025-09-02 01:39:11,130: INFO: data_transformation: (750, 11)]
[2025-09-02 01:39:11,130: INFO: data_transformation: (250, 11)]
[2025-09-02 01:39:11,130: INFO: main: >>>>>> stage Data Transformation stage completed <<<<<<

x==========x]
[2025-09-02 01:39:11,130: INFO: main: >>>>>> stage Model Trainer stage started <<<<<<]
[2025-09-02 01:39:11,132: INFO: common: yaml file: config\config.yaml loaded successfully]
[2025-09-02 01:39:11,132: INFO: common: yaml file: params.yaml loaded successfully]
[2025-09-02 01:39:11,133: INFO: common: yaml file: schema.yaml loaded successfully]
[2025-09-02 01:39:11,134: INFO: common: created directory at: artifacts]
[2025-09-02 01:39:11,134: INFO: common: created directory at: artifacts/model_trainer]
[2025-09-02 01:39:11,328: INFO: main: >>>>>> stage Model Trainer stage completed <<<<<<

x==========x]
[2025-09-02 01:39:11,328: INFO: main: >>>>>> stage Model evaluation stage started <<<<<<]
[2025-09-02 01:39:11,329: INFO: common: yaml file: config\config.yaml loaded successfully]
[2025-09-02 01:39:11,330: INFO: common: yaml file: params.yaml loaded successfully]
[2025-09-02 01:39:11,331: INFO: common: yaml file: schema.yaml loaded successfully]
[2025-09-02 01:39:11,331: INFO: common: created directory at: artifacts]
[2025-09-02 01:39:11,332: INFO: common: created directory at: artifacts/model_evaluation]
[2025-09-02 01:39:11,906: INFO: common: json file saved at: artifacts\model_evaluation\metrics.json]
[2025-09-02 01:39:11,938: INFO: main: >>>>>> stage Model evaluation stage completed <<<<<<

x==========x]
[2025-09-02 01:45:10,168: INFO: main: >>>>>> stage Data Ingestion stage started <<<<<<]
[2025-09-02 01:45:10,170: INFO: common: yaml file: config\config.yaml loaded successfully]
[2025-09-02 01:45:10,171: INFO: common: yaml file: params.yaml loaded successfully]
[2025-09-02 01:45:10,171: INFO: common: yaml file: schema.yaml loaded successfully]
[2025-09-02 01:45:10,172: INFO: common: created directory at: artifacts]
[2025-09-02 01:45:10,172: INFO: common: created directory at: artifacts/data_ingestion]
[2025-09-02 01:45:10,172: INFO: data_ingestion: File already exists of size: ~ 27 KB]
[2025-09-02 01:45:10,175: INFO: main: >>>>>> stage Data Ingestion stage completed <<<<<<

x==========x]
[2025-09-02 01:45:10,175: INFO: main: >>>>>> stage Data Validation stage started <<<<<<]
[2025-09-02 01:45:10,176: INFO: common: yaml file: config\config.yaml loaded successfully]
[2025-09-02 01:45:10,177: INFO: common: yaml file: params.yaml loaded successfully]
[2025-09-02 01:45:10,178: INFO: common: yaml file: schema.yaml loaded successfully]
[2025-09-02 01:45:10,178: INFO: common: created directory at: artifacts]
[2025-09-02 01:45:10,179: INFO: common: created directory at: artifacts/data_validation]
[2025-09-02 01:45:10,208: INFO: main: >>>>>> stage Data Validation stage completed <<<<<<

x==========x]
[2025-09-02 01:45:10,208: INFO: main: >>>>>> stage Data Transformation stage started <<<<<<]
[2025-09-02 01:45:10,211: INFO: common: yaml file: config\config.yaml loaded successfully]
[2025-09-02 01:45:10,212: INFO: common: yaml file: params.yaml loaded successfully]
[2025-09-02 01:45:10,213: INFO: common: yaml file: schema.yaml loaded successfully]
[2025-09-02 01:45:10,213: INFO: common: created directory at: artifacts]
[2025-09-02 01:45:10,214: INFO: common: created directory at: artifacts/data_transformation]
[2025-09-02 01:45:10,223: INFO: data_transformation: Splited data into training and test sets]
[2025-09-02 01:45:10,223: INFO: data_transformation: (750, 11)]
[2025-09-02 01:45:10,224: INFO: data_transformation: (250, 11)]
[2025-09-02 01:45:10,224: INFO: main: >>>>>> stage Data Transformation stage completed <<<<<<

x==========x]
[2025-09-02 01:45:10,224: INFO: main: >>>>>> stage Model Trainer stage started <<<<<<]
[2025-09-02 01:45:10,225: INFO: common: yaml file: config\config.yaml loaded successfully]
[2025-09-02 01:45:10,226: INFO: common: yaml file: params.yaml loaded successfully]
[2025-09-02 01:45:10,227: INFO: common: yaml file: schema.yaml loaded successfully]
[2025-09-02 01:45:10,227: INFO: common: created directory at: artifacts]
[2025-09-02 01:45:10,228: INFO: common: created directory at: artifacts/model_trainer]
[2025-09-02 01:45:10,407: INFO: main: >>>>>> stage Model Trainer stage completed <<<<<<

x==========x]
[2025-09-02 01:45:10,408: INFO: main: >>>>>> stage Model evaluation stage started <<<<<<]
[2025-09-02 01:45:10,409: INFO: common: yaml file: config\config.yaml loaded successfully]
[2025-09-02 01:45:10,410: INFO: common: yaml file: params.yaml loaded successfully]
[2025-09-02 01:45:10,411: INFO: common: yaml file: schema.yaml loaded successfully]
[2025-09-02 01:45:10,411: INFO: common: created directory at: artifacts]
[2025-09-02 01:45:10,412: INFO: common: created directory at: artifacts/model_evaluation]
[2025-09-02 01:45:11,626: ERROR: main: API request to endpoint /api/2.0/mlflow/runs/create failed with error code 403 != 200. Response body: '']
Traceback (most recent call last):
  File "C:\Users\narra\OneDrive\Desktop\cibil_score_prediction\main.py", line 62, in <module>
    data_ingestion.main()
    ~~~~~~~~~~~~~~~~~~~^^
  File "C:\Users\narra\OneDrive\Desktop\cibil_score_prediction\src\mlProject\pipeline\stage_05_model_evaluation.py", line 15, in main
    model_evaluation_config.log_into_mlflow()
    ~~~~~~~~~~~~~~~~~~~~~~~~~~~~~~~~~~~~~~~^^
  File "C:\Users\narra\OneDrive\Desktop\cibil_score_prediction\src\mlProject\components\model_evaluation.py", line 35, in log_into_mlflow
    with mlflow.start_run():
         ~~~~~~~~~~~~~~~~^^
  File "C:\Users\narra\OneDrive\Desktop\cibil_score_prediction\my_env\Lib\site-packages\mlflow\tracking\fluent.py", line 474, in start_run
    active_run_obj = client.create_run(
        experiment_id=exp_id_for_run,
        tags=resolved_tags,
        run_name=run_name,
    )
  File "C:\Users\narra\OneDrive\Desktop\cibil_score_prediction\my_env\Lib\site-packages\mlflow\tracking\client.py", line 442, in create_run
    return self._tracking_client.create_run(experiment_id, start_time, tags, run_name)
           ~~~~~~~~~~~~~~~~~~~~~~~~~~~~~~~~^^^^^^^^^^^^^^^^^^^^^^^^^^^^^^^^^^^^^^^^^^^
  File "C:\Users\narra\OneDrive\Desktop\cibil_score_prediction\my_env\Lib\site-packages\mlflow\telemetry\track.py", line 29, in wrapper
    result = func(*args, **kwargs)
  File "C:\Users\narra\OneDrive\Desktop\cibil_score_prediction\my_env\Lib\site-packages\mlflow\tracking\_tracking_service\client.py", line 173, in create_run
    return self.store.create_run(
           ~~~~~~~~~~~~~~~~~~~~~^
        experiment_id=experiment_id,
        ^^^^^^^^^^^^^^^^^^^^^^^^^^^^
    ...<3 lines>...
        run_name=run_name,
        ^^^^^^^^^^^^^^^^^^
    )
    ^
  File "C:\Users\narra\OneDrive\Desktop\cibil_score_prediction\my_env\Lib\site-packages\mlflow\store\tracking\rest_store.py", line 271, in create_run
    response_proto = self._call_endpoint(CreateRun, req_body)
  File "C:\Users\narra\OneDrive\Desktop\cibil_score_prediction\my_env\Lib\site-packages\mlflow\store\tracking\rest_store.py", line 134, in _call_endpoint
    return call_endpoint(
        self.get_host_creds(),
    ...<4 lines>...
        retry_timeout_seconds=retry_timeout_seconds,
    )
  File "C:\Users\narra\OneDrive\Desktop\cibil_score_prediction\my_env\Lib\site-packages\mlflow\utils\rest_utils.py", line 554, in call_endpoint
    response = verify_rest_response(response, endpoint)
  File "C:\Users\narra\OneDrive\Desktop\cibil_score_prediction\my_env\Lib\site-packages\mlflow\utils\rest_utils.py", line 314, in verify_rest_response
    raise MlflowException(
    ...<2 lines>...
    )
mlflow.exceptions.MlflowException: API request to endpoint /api/2.0/mlflow/runs/create failed with error code 403 != 200. Response body: ''
[2025-09-02 01:46:56,539: INFO: main: >>>>>> stage Data Ingestion stage started <<<<<<]
[2025-09-02 01:46:56,540: INFO: common: yaml file: config\config.yaml loaded successfully]
[2025-09-02 01:46:56,542: INFO: common: yaml file: params.yaml loaded successfully]
[2025-09-02 01:46:56,542: INFO: common: yaml file: schema.yaml loaded successfully]
[2025-09-02 01:46:56,543: INFO: common: created directory at: artifacts]
[2025-09-02 01:46:56,543: INFO: common: created directory at: artifacts/data_ingestion]
[2025-09-02 01:46:56,543: INFO: data_ingestion: File already exists of size: ~ 27 KB]
[2025-09-02 01:46:56,545: INFO: main: >>>>>> stage Data Ingestion stage completed <<<<<<

x==========x]
[2025-09-02 01:46:56,546: INFO: main: >>>>>> stage Data Validation stage started <<<<<<]
[2025-09-02 01:46:56,550: INFO: common: yaml file: config\config.yaml loaded successfully]
[2025-09-02 01:46:56,551: INFO: common: yaml file: params.yaml loaded successfully]
[2025-09-02 01:46:56,553: INFO: common: yaml file: schema.yaml loaded successfully]
[2025-09-02 01:46:56,553: INFO: common: created directory at: artifacts]
[2025-09-02 01:46:56,553: INFO: common: created directory at: artifacts/data_validation]
[2025-09-02 01:46:56,580: INFO: main: >>>>>> stage Data Validation stage completed <<<<<<

x==========x]
[2025-09-02 01:46:56,581: INFO: main: >>>>>> stage Data Transformation stage started <<<<<<]
[2025-09-02 01:46:56,584: INFO: common: yaml file: config\config.yaml loaded successfully]
[2025-09-02 01:46:56,585: INFO: common: yaml file: params.yaml loaded successfully]
[2025-09-02 01:46:56,586: INFO: common: yaml file: schema.yaml loaded successfully]
[2025-09-02 01:46:56,586: INFO: common: created directory at: artifacts]
[2025-09-02 01:46:56,587: INFO: common: created directory at: artifacts/data_transformation]
[2025-09-02 01:46:56,596: INFO: data_transformation: Splited data into training and test sets]
[2025-09-02 01:46:56,597: INFO: data_transformation: (750, 11)]
[2025-09-02 01:46:56,597: INFO: data_transformation: (250, 11)]
[2025-09-02 01:46:56,597: INFO: main: >>>>>> stage Data Transformation stage completed <<<<<<

x==========x]
[2025-09-02 01:46:56,597: INFO: main: >>>>>> stage Model Trainer stage started <<<<<<]
[2025-09-02 01:46:56,599: INFO: common: yaml file: config\config.yaml loaded successfully]
[2025-09-02 01:46:56,599: INFO: common: yaml file: params.yaml loaded successfully]
[2025-09-02 01:46:56,600: INFO: common: yaml file: schema.yaml loaded successfully]
[2025-09-02 01:46:56,601: INFO: common: created directory at: artifacts]
[2025-09-02 01:46:56,601: INFO: common: created directory at: artifacts/model_trainer]
[2025-09-02 01:46:56,780: INFO: main: >>>>>> stage Model Trainer stage completed <<<<<<

x==========x]
[2025-09-02 01:46:56,780: INFO: main: >>>>>> stage Model evaluation stage started <<<<<<]
[2025-09-02 01:46:56,783: INFO: common: yaml file: config\config.yaml loaded successfully]
[2025-09-02 01:46:56,784: INFO: common: yaml file: params.yaml loaded successfully]
[2025-09-02 01:46:56,785: INFO: common: yaml file: schema.yaml loaded successfully]
[2025-09-02 01:46:56,785: INFO: common: created directory at: artifacts]
[2025-09-02 01:46:56,786: INFO: common: created directory at: artifacts/model_evaluation]
[2025-09-02 01:46:57,443: INFO: _client: HTTP Request: GET https://dagshub.com/api/v1/user "HTTP/1.1 200 OK"]
[2025-09-02 01:46:57,449: INFO: helpers: Accessing as narraranjith22]
[2025-09-02 01:46:59,212: INFO: _client: HTTP Request: GET https://dagshub.com/api/v1/repos/narraranjith22/cibil_score_prediction "HTTP/1.1 200 OK"]
[2025-09-02 01:47:00,910: INFO: _client: HTTP Request: GET https://dagshub.com/api/v1/user "HTTP/1.1 200 OK"]
[2025-09-02 01:47:00,912: INFO: helpers: Initialized MLflow to track repo "narraranjith22/cibil_score_prediction"]
[2025-09-02 01:47:00,913: INFO: helpers: Repository narraranjith22/cibil_score_prediction initialized!]
[2025-09-02 01:47:02,970: INFO: common: json file saved at: artifacts\model_evaluation\metrics.json]
[2025-09-02 01:47:07,068: INFO: main: >>>>>> stage Model evaluation stage completed <<<<<<

x==========x]
[2025-09-02 16:03:19,763: INFO: main: >>>>>> stage Data Ingestion stage started <<<<<<]
[2025-09-02 16:03:19,789: INFO: common: yaml file: config\config.yaml loaded successfully]
[2025-09-02 16:03:19,805: INFO: common: yaml file: params.yaml loaded successfully]
[2025-09-02 16:03:19,823: INFO: common: yaml file: schema.yaml loaded successfully]
[2025-09-02 16:03:19,824: INFO: common: created directory at: artifacts]
[2025-09-02 16:03:19,824: INFO: common: created directory at: artifacts/data_ingestion]
[2025-09-02 16:03:19,825: INFO: data_ingestion: File already exists of size: ~ 27 KB]
[2025-09-02 16:03:19,866: INFO: main: >>>>>> stage Data Ingestion stage completed <<<<<<

x==========x]
[2025-09-02 16:03:19,867: INFO: main: >>>>>> stage Data Validation stage started <<<<<<]
[2025-09-02 16:03:19,874: INFO: common: yaml file: config\config.yaml loaded successfully]
[2025-09-02 16:03:19,880: INFO: common: yaml file: params.yaml loaded successfully]
[2025-09-02 16:03:19,884: INFO: common: yaml file: schema.yaml loaded successfully]
[2025-09-02 16:03:19,886: INFO: common: created directory at: artifacts]
[2025-09-02 16:03:19,887: INFO: common: created directory at: artifacts/data_validation]
[2025-09-02 16:03:19,950: INFO: main: >>>>>> stage Data Validation stage completed <<<<<<

x==========x]
[2025-09-02 16:03:19,951: INFO: main: >>>>>> stage Data Transformation stage started <<<<<<]
[2025-09-02 16:03:19,969: INFO: common: yaml file: config\config.yaml loaded successfully]
[2025-09-02 16:03:19,972: INFO: common: yaml file: params.yaml loaded successfully]
[2025-09-02 16:03:19,975: INFO: common: yaml file: schema.yaml loaded successfully]
[2025-09-02 16:03:19,976: INFO: common: created directory at: artifacts]
[2025-09-02 16:03:19,977: INFO: common: created directory at: artifacts/data_transformation]
[2025-09-02 16:03:20,026: INFO: data_transformation: Splited data into training and test sets]
[2025-09-02 16:03:20,026: INFO: data_transformation: (750, 11)]
[2025-09-02 16:03:20,027: INFO: data_transformation: (250, 11)]
[2025-09-02 16:03:20,027: INFO: main: >>>>>> stage Data Transformation stage completed <<<<<<

x==========x]
[2025-09-02 16:03:20,028: INFO: main: >>>>>> stage Model Trainer stage started <<<<<<]
[2025-09-02 16:03:20,034: INFO: common: yaml file: config\config.yaml loaded successfully]
[2025-09-02 16:03:20,037: INFO: common: yaml file: params.yaml loaded successfully]
[2025-09-02 16:03:20,042: INFO: common: yaml file: schema.yaml loaded successfully]
[2025-09-02 16:03:20,043: INFO: common: created directory at: artifacts]
[2025-09-02 16:03:20,043: INFO: common: created directory at: artifacts/model_trainer]
[2025-09-02 16:03:20,103: INFO: main: >>>>>> stage Model Trainer stage completed <<<<<<

x==========x]
[2025-09-02 16:03:20,104: INFO: main: >>>>>> stage Model evaluation stage started <<<<<<]
[2025-09-02 16:03:20,111: INFO: common: yaml file: config\config.yaml loaded successfully]
[2025-09-02 16:03:20,115: INFO: common: yaml file: params.yaml loaded successfully]
[2025-09-02 16:03:20,121: INFO: common: yaml file: schema.yaml loaded successfully]
[2025-09-02 16:03:20,122: INFO: common: created directory at: artifacts]
[2025-09-02 16:03:20,123: INFO: common: created directory at: artifacts/model_evaluation]
[2025-09-02 16:03:22,500: INFO: _client: HTTP Request: GET https://dagshub.com/api/v1/user "HTTP/1.1 200 OK"]
[2025-09-02 16:03:22,505: INFO: helpers: Accessing as narraranjith22]
[2025-09-02 16:03:23,760: INFO: _client: HTTP Request: GET https://dagshub.com/api/v1/repos/narraranjith22/cibil_score_prediction "HTTP/1.1 200 OK"]
[2025-09-02 16:03:24,884: INFO: _client: HTTP Request: GET https://dagshub.com/api/v1/user "HTTP/1.1 200 OK"]
[2025-09-02 16:03:24,889: INFO: helpers: Initialized MLflow to track repo "narraranjith22/cibil_score_prediction"]
[2025-09-02 16:03:24,890: INFO: helpers: Repository narraranjith22/cibil_score_prediction initialized!]
[2025-09-02 16:03:26,538: INFO: common: json file saved at: artifacts\model_evaluation\metrics.json]
[2025-09-02 16:03:31,547: INFO: main: >>>>>> stage Model evaluation stage completed <<<<<<

x==========x]
[2025-09-02 16:04:45,866: INFO: main: >>>>>> stage Data Ingestion stage started <<<<<<]
[2025-09-02 16:04:45,871: INFO: common: yaml file: config\config.yaml loaded successfully]
[2025-09-02 16:04:45,894: INFO: common: yaml file: params.yaml loaded successfully]
[2025-09-02 16:04:45,898: INFO: common: yaml file: schema.yaml loaded successfully]
[2025-09-02 16:04:45,899: INFO: common: created directory at: artifacts]
[2025-09-02 16:04:45,900: INFO: common: created directory at: artifacts/data_ingestion]
[2025-09-02 16:04:45,900: INFO: data_ingestion: File already exists of size: ~ 27 KB]
[2025-09-02 16:04:45,907: INFO: main: >>>>>> stage Data Ingestion stage completed <<<<<<

x==========x]
[2025-09-02 16:04:45,908: INFO: main: >>>>>> stage Data Validation stage started <<<<<<]
[2025-09-02 16:04:45,917: INFO: common: yaml file: config\config.yaml loaded successfully]
[2025-09-02 16:04:45,922: INFO: common: yaml file: params.yaml loaded successfully]
[2025-09-02 16:04:45,927: INFO: common: yaml file: schema.yaml loaded successfully]
[2025-09-02 16:04:45,929: INFO: common: created directory at: artifacts]
[2025-09-02 16:04:45,930: INFO: common: created directory at: artifacts/data_validation]
[2025-09-02 16:04:45,982: INFO: main: >>>>>> stage Data Validation stage completed <<<<<<

x==========x]
[2025-09-02 16:04:45,983: INFO: main: >>>>>> stage Data Transformation stage started <<<<<<]
[2025-09-02 16:04:45,992: INFO: common: yaml file: config\config.yaml loaded successfully]
[2025-09-02 16:04:45,996: INFO: common: yaml file: params.yaml loaded successfully]
[2025-09-02 16:04:46,003: INFO: common: yaml file: schema.yaml loaded successfully]
[2025-09-02 16:04:46,005: INFO: common: created directory at: artifacts]
[2025-09-02 16:04:46,006: INFO: common: created directory at: artifacts/data_transformation]
[2025-09-02 16:04:46,046: INFO: data_transformation: Splited data into training and test sets]
[2025-09-02 16:04:46,047: INFO: data_transformation: (750, 11)]
[2025-09-02 16:04:46,048: INFO: data_transformation: (250, 11)]
[2025-09-02 16:04:46,048: INFO: main: >>>>>> stage Data Transformation stage completed <<<<<<

x==========x]
[2025-09-02 16:04:46,049: INFO: main: >>>>>> stage Model Trainer stage started <<<<<<]
[2025-09-02 16:04:46,055: INFO: common: yaml file: config\config.yaml loaded successfully]
[2025-09-02 16:04:46,060: INFO: common: yaml file: params.yaml loaded successfully]
[2025-09-02 16:04:46,066: INFO: common: yaml file: schema.yaml loaded successfully]
[2025-09-02 16:04:46,068: INFO: common: created directory at: artifacts]
[2025-09-02 16:04:46,069: INFO: common: created directory at: artifacts/model_trainer]
[2025-09-02 16:04:46,145: INFO: main: >>>>>> stage Model Trainer stage completed <<<<<<

x==========x]
[2025-09-02 16:04:46,146: INFO: main: >>>>>> stage Model evaluation stage started <<<<<<]
[2025-09-02 16:04:46,150: INFO: common: yaml file: config\config.yaml loaded successfully]
[2025-09-02 16:04:46,152: INFO: common: yaml file: params.yaml loaded successfully]
[2025-09-02 16:04:46,156: INFO: common: yaml file: schema.yaml loaded successfully]
[2025-09-02 16:04:46,157: INFO: common: created directory at: artifacts]
[2025-09-02 16:04:46,157: INFO: common: created directory at: artifacts/model_evaluation]
[2025-09-02 16:04:47,938: INFO: _client: HTTP Request: GET https://dagshub.com/api/v1/user "HTTP/1.1 200 OK"]
[2025-09-02 16:04:47,946: INFO: helpers: Accessing as narraranjith22]
[2025-09-02 16:04:49,166: INFO: _client: HTTP Request: GET https://dagshub.com/api/v1/repos/narraranjith22/cibil_score_prediction "HTTP/1.1 200 OK"]
[2025-09-02 16:04:50,395: INFO: _client: HTTP Request: GET https://dagshub.com/api/v1/user "HTTP/1.1 200 OK"]
[2025-09-02 16:04:50,400: INFO: helpers: Initialized MLflow to track repo "narraranjith22/cibil_score_prediction"]
[2025-09-02 16:04:50,400: INFO: helpers: Repository narraranjith22/cibil_score_prediction initialized!]
[2025-09-02 16:04:52,152: INFO: common: json file saved at: artifacts\model_evaluation\metrics.json]
[2025-09-02 16:04:56,539: INFO: main: >>>>>> stage Model evaluation stage completed <<<<<<

x==========x]
[2025-09-02 16:08:08,527: INFO: main: >>>>>> stage Data Ingestion stage started <<<<<<]
[2025-09-02 16:08:08,537: INFO: common: yaml file: config\config.yaml loaded successfully]
[2025-09-02 16:08:08,542: INFO: common: yaml file: params.yaml loaded successfully]
[2025-09-02 16:08:08,547: INFO: common: yaml file: schema.yaml loaded successfully]
[2025-09-02 16:08:08,549: INFO: common: created directory at: artifacts]
[2025-09-02 16:08:08,550: INFO: common: created directory at: artifacts/data_ingestion]
[2025-09-02 16:08:08,551: INFO: data_ingestion: File already exists of size: ~ 27 KB]
[2025-09-02 16:08:08,563: INFO: main: >>>>>> stage Data Ingestion stage completed <<<<<<

x==========x]
[2025-09-02 16:08:08,564: INFO: main: >>>>>> stage Data Validation stage started <<<<<<]
[2025-09-02 16:08:08,572: INFO: common: yaml file: config\config.yaml loaded successfully]
[2025-09-02 16:08:08,577: INFO: common: yaml file: params.yaml loaded successfully]
[2025-09-02 16:08:08,582: INFO: common: yaml file: schema.yaml loaded successfully]
[2025-09-02 16:08:08,584: INFO: common: created directory at: artifacts]
[2025-09-02 16:08:08,585: INFO: common: created directory at: artifacts/data_validation]
[2025-09-02 16:08:08,656: INFO: main: >>>>>> stage Data Validation stage completed <<<<<<

x==========x]
[2025-09-02 16:08:08,657: INFO: main: >>>>>> stage Data Transformation stage started <<<<<<]
[2025-09-02 16:08:08,667: INFO: common: yaml file: config\config.yaml loaded successfully]
[2025-09-02 16:08:08,671: INFO: common: yaml file: params.yaml loaded successfully]
[2025-09-02 16:08:08,677: INFO: common: yaml file: schema.yaml loaded successfully]
[2025-09-02 16:08:08,679: INFO: common: created directory at: artifacts]
[2025-09-02 16:08:08,680: INFO: common: created directory at: artifacts/data_transformation]
[2025-09-02 16:08:08,719: INFO: data_transformation: Splited data into training and test sets]
[2025-09-02 16:08:08,720: INFO: data_transformation: (750, 11)]
[2025-09-02 16:08:08,721: INFO: data_transformation: (250, 11)]
[2025-09-02 16:08:08,723: INFO: main: >>>>>> stage Data Transformation stage completed <<<<<<

x==========x]
[2025-09-02 16:08:08,723: INFO: main: >>>>>> stage Model Trainer stage started <<<<<<]
[2025-09-02 16:08:08,730: INFO: common: yaml file: config\config.yaml loaded successfully]
[2025-09-02 16:08:08,735: INFO: common: yaml file: params.yaml loaded successfully]
[2025-09-02 16:08:08,740: INFO: common: yaml file: schema.yaml loaded successfully]
[2025-09-02 16:08:08,742: INFO: common: created directory at: artifacts]
[2025-09-02 16:08:08,743: INFO: common: created directory at: artifacts/model_trainer]
[2025-09-02 16:08:08,890: INFO: main: >>>>>> stage Model Trainer stage completed <<<<<<

x==========x]
[2025-09-02 16:08:08,891: INFO: main: >>>>>> stage Model evaluation stage started <<<<<<]
[2025-09-02 16:08:08,897: INFO: common: yaml file: config\config.yaml loaded successfully]
[2025-09-02 16:08:08,902: INFO: common: yaml file: params.yaml loaded successfully]
[2025-09-02 16:08:08,907: INFO: common: yaml file: schema.yaml loaded successfully]
[2025-09-02 16:08:08,909: INFO: common: created directory at: artifacts]
[2025-09-02 16:08:08,910: INFO: common: created directory at: artifacts/model_evaluation]
[2025-09-02 16:08:10,806: INFO: _client: HTTP Request: GET https://dagshub.com/api/v1/user "HTTP/1.1 200 OK"]
[2025-09-02 16:08:10,812: INFO: helpers: Accessing as narraranjith22]
[2025-09-02 16:08:12,341: INFO: _client: HTTP Request: GET https://dagshub.com/api/v1/repos/narraranjith22/cibil_score_prediction "HTTP/1.1 200 OK"]
[2025-09-02 16:08:13,570: INFO: _client: HTTP Request: GET https://dagshub.com/api/v1/user "HTTP/1.1 200 OK"]
[2025-09-02 16:08:13,575: INFO: helpers: Initialized MLflow to track repo "narraranjith22/cibil_score_prediction"]
[2025-09-02 16:08:13,575: INFO: helpers: Repository narraranjith22/cibil_score_prediction initialized!]
[2025-09-02 16:08:15,334: INFO: common: json file saved at: artifacts\model_evaluation\metrics.json]
[2025-09-02 16:08:21,558: INFO: main: >>>>>> stage Model evaluation stage completed <<<<<<

x==========x]
[2025-09-02 16:08:56,316: INFO: main: >>>>>> stage Data Ingestion stage started <<<<<<]
[2025-09-02 16:08:56,321: INFO: common: yaml file: config\config.yaml loaded successfully]
[2025-09-02 16:08:56,326: INFO: common: yaml file: params.yaml loaded successfully]
[2025-09-02 16:08:56,329: INFO: common: yaml file: schema.yaml loaded successfully]
[2025-09-02 16:08:56,330: INFO: common: created directory at: artifacts]
[2025-09-02 16:08:56,331: INFO: common: created directory at: artifacts/data_ingestion]
[2025-09-02 16:08:56,331: INFO: data_ingestion: File already exists of size: ~ 27 KB]
[2025-09-02 16:08:56,339: INFO: main: >>>>>> stage Data Ingestion stage completed <<<<<<

x==========x]
[2025-09-02 16:08:56,340: INFO: main: >>>>>> stage Data Validation stage started <<<<<<]
[2025-09-02 16:08:56,348: INFO: common: yaml file: config\config.yaml loaded successfully]
[2025-09-02 16:08:56,353: INFO: common: yaml file: params.yaml loaded successfully]
[2025-09-02 16:08:56,359: INFO: common: yaml file: schema.yaml loaded successfully]
[2025-09-02 16:08:56,361: INFO: common: created directory at: artifacts]
[2025-09-02 16:08:56,362: INFO: common: created directory at: artifacts/data_validation]
[2025-09-02 16:08:56,409: INFO: main: >>>>>> stage Data Validation stage completed <<<<<<

x==========x]
[2025-09-02 16:08:56,410: INFO: main: >>>>>> stage Data Transformation stage started <<<<<<]
[2025-09-02 16:08:56,419: INFO: common: yaml file: config\config.yaml loaded successfully]
[2025-09-02 16:08:56,421: INFO: common: yaml file: params.yaml loaded successfully]
[2025-09-02 16:08:56,425: INFO: common: yaml file: schema.yaml loaded successfully]
[2025-09-02 16:08:56,427: INFO: common: created directory at: artifacts]
[2025-09-02 16:08:56,427: INFO: common: created directory at: artifacts/data_transformation]
[2025-09-02 16:08:56,452: INFO: data_transformation: Splited data into training and test sets]
[2025-09-02 16:08:56,453: INFO: data_transformation: (750, 11)]
[2025-09-02 16:08:56,453: INFO: data_transformation: (250, 11)]
[2025-09-02 16:08:56,454: INFO: main: >>>>>> stage Data Transformation stage completed <<<<<<

x==========x]
[2025-09-02 16:08:56,454: INFO: main: >>>>>> stage Model Trainer stage started <<<<<<]
[2025-09-02 16:08:56,461: INFO: common: yaml file: config\config.yaml loaded successfully]
[2025-09-02 16:08:56,466: INFO: common: yaml file: params.yaml loaded successfully]
[2025-09-02 16:08:56,472: INFO: common: yaml file: schema.yaml loaded successfully]
[2025-09-02 16:08:56,473: INFO: common: created directory at: artifacts]
[2025-09-02 16:08:56,474: INFO: common: created directory at: artifacts/model_trainer]
[2025-09-02 16:08:56,549: INFO: main: >>>>>> stage Model Trainer stage completed <<<<<<

x==========x]
[2025-09-02 16:08:56,549: INFO: main: >>>>>> stage Model evaluation stage started <<<<<<]
[2025-09-02 16:08:56,557: INFO: common: yaml file: config\config.yaml loaded successfully]
[2025-09-02 16:08:56,561: INFO: common: yaml file: params.yaml loaded successfully]
[2025-09-02 16:08:56,566: INFO: common: yaml file: schema.yaml loaded successfully]
[2025-09-02 16:08:56,568: INFO: common: created directory at: artifacts]
[2025-09-02 16:08:56,570: INFO: common: created directory at: artifacts/model_evaluation]
[2025-09-02 16:08:58,797: INFO: _client: HTTP Request: GET https://dagshub.com/api/v1/user "HTTP/1.1 200 OK"]
[2025-09-02 16:08:58,802: INFO: helpers: Accessing as narraranjith22]
[2025-09-02 16:09:00,169: INFO: _client: HTTP Request: GET https://dagshub.com/api/v1/repos/narraranjith22/cibil_score_prediction "HTTP/1.1 200 OK"]
[2025-09-02 16:09:01,570: INFO: _client: HTTP Request: GET https://dagshub.com/api/v1/user "HTTP/1.1 200 OK"]
[2025-09-02 16:09:01,572: INFO: helpers: Initialized MLflow to track repo "narraranjith22/cibil_score_prediction"]
[2025-09-02 16:09:01,573: INFO: helpers: Repository narraranjith22/cibil_score_prediction initialized!]
[2025-09-02 16:09:04,089: INFO: common: json file saved at: artifacts\model_evaluation\metrics.json]
[2025-09-02 16:09:15,105: INFO: main: >>>>>> stage Model evaluation stage completed <<<<<<

x==========x]
[2025-09-02 16:10:32,422: INFO: main: >>>>>> stage Data Ingestion stage started <<<<<<]
[2025-09-02 16:10:32,427: INFO: common: yaml file: config\config.yaml loaded successfully]
[2025-09-02 16:10:32,431: INFO: common: yaml file: params.yaml loaded successfully]
[2025-09-02 16:10:32,434: INFO: common: yaml file: schema.yaml loaded successfully]
[2025-09-02 16:10:32,434: INFO: common: created directory at: artifacts]
[2025-09-02 16:10:32,435: INFO: common: created directory at: artifacts/data_ingestion]
[2025-09-02 16:10:32,435: INFO: data_ingestion: File already exists of size: ~ 27 KB]
[2025-09-02 16:10:32,440: INFO: main: >>>>>> stage Data Ingestion stage completed <<<<<<

x==========x]
[2025-09-02 16:10:32,441: INFO: main: >>>>>> stage Data Validation stage started <<<<<<]
[2025-09-02 16:10:32,445: INFO: common: yaml file: config\config.yaml loaded successfully]
[2025-09-02 16:10:32,448: INFO: common: yaml file: params.yaml loaded successfully]
[2025-09-02 16:10:32,451: INFO: common: yaml file: schema.yaml loaded successfully]
[2025-09-02 16:10:32,452: INFO: common: created directory at: artifacts]
[2025-09-02 16:10:32,453: INFO: common: created directory at: artifacts/data_validation]
[2025-09-02 16:10:32,488: INFO: main: >>>>>> stage Data Validation stage completed <<<<<<

x==========x]
[2025-09-02 16:10:32,489: INFO: main: >>>>>> stage Data Transformation stage started <<<<<<]
[2025-09-02 16:10:32,494: INFO: common: yaml file: config\config.yaml loaded successfully]
[2025-09-02 16:10:32,497: INFO: common: yaml file: params.yaml loaded successfully]
[2025-09-02 16:10:32,500: INFO: common: yaml file: schema.yaml loaded successfully]
[2025-09-02 16:10:32,501: INFO: common: created directory at: artifacts]
[2025-09-02 16:10:32,501: INFO: common: created directory at: artifacts/data_transformation]
[2025-09-02 16:10:32,526: INFO: data_transformation: Splited data into training and test sets]
[2025-09-02 16:10:32,526: INFO: data_transformation: (750, 11)]
[2025-09-02 16:10:32,526: INFO: data_transformation: (250, 11)]
[2025-09-02 16:10:32,527: INFO: main: >>>>>> stage Data Transformation stage completed <<<<<<

x==========x]
[2025-09-02 16:10:32,527: INFO: main: >>>>>> stage Model Trainer stage started <<<<<<]
[2025-09-02 16:10:32,531: INFO: common: yaml file: config\config.yaml loaded successfully]
[2025-09-02 16:10:32,534: INFO: common: yaml file: params.yaml loaded successfully]
[2025-09-02 16:10:32,537: INFO: common: yaml file: schema.yaml loaded successfully]
[2025-09-02 16:10:32,538: INFO: common: created directory at: artifacts]
[2025-09-02 16:10:32,538: INFO: common: created directory at: artifacts/model_trainer]
[2025-09-02 16:10:33,087: INFO: main: >>>>>> stage Model Trainer stage completed <<<<<<

x==========x]
[2025-09-02 16:10:33,087: INFO: main: >>>>>> stage Model evaluation stage started <<<<<<]
[2025-09-02 16:10:33,091: INFO: common: yaml file: config\config.yaml loaded successfully]
[2025-09-02 16:10:33,094: INFO: common: yaml file: params.yaml loaded successfully]
[2025-09-02 16:10:33,097: INFO: common: yaml file: schema.yaml loaded successfully]
[2025-09-02 16:10:33,098: INFO: common: created directory at: artifacts]
[2025-09-02 16:10:33,099: INFO: common: created directory at: artifacts/model_evaluation]
[2025-09-02 16:10:48,953: INFO: _client: HTTP Request: GET https://dagshub.com/api/v1/user "HTTP/1.1 200 OK"]
[2025-09-02 16:10:48,960: INFO: helpers: Accessing as narraranjith22]
[2025-09-02 16:10:58,217: INFO: _client: HTTP Request: GET https://dagshub.com/api/v1/repos/narraranjith22/cibil_score_prediction "HTTP/1.1 200 OK"]
[2025-09-02 16:11:02,976: INFO: _client: HTTP Request: GET https://dagshub.com/api/v1/user "HTTP/1.1 200 OK"]
[2025-09-02 16:11:02,979: INFO: helpers: Initialized MLflow to track repo "narraranjith22/cibil_score_prediction"]
[2025-09-02 16:11:02,981: INFO: helpers: Repository narraranjith22/cibil_score_prediction initialized!]
[2025-09-02 16:11:06,964: INFO: common: json file saved at: artifacts\model_evaluation\metrics.json]
[2025-09-02 16:11:19,946: INFO: main: >>>>>> stage Model evaluation stage completed <<<<<<

x==========x]
[2025-09-02 19:18:26,945: INFO: main: >>>>>> stage Data Ingestion stage started <<<<<<]
[2025-09-02 19:18:26,953: INFO: common: yaml file: config\config.yaml loaded successfully]
[2025-09-02 19:18:26,993: INFO: common: yaml file: params.yaml loaded successfully]
[2025-09-02 19:18:26,999: INFO: common: yaml file: schema.yaml loaded successfully]
[2025-09-02 19:18:27,002: INFO: common: created directory at: artifacts]
[2025-09-02 19:18:27,004: INFO: common: created directory at: artifacts/data_ingestion]
[2025-09-02 19:18:27,005: INFO: data_ingestion: File already exists of size: ~ 27 KB]
[2025-09-02 19:18:27,015: INFO: main: >>>>>> stage Data Ingestion stage completed <<<<<<

x==========x]
[2025-09-02 19:18:27,016: INFO: main: >>>>>> stage Data Validation stage started <<<<<<]
[2025-09-02 19:18:27,023: INFO: common: yaml file: config\config.yaml loaded successfully]
[2025-09-02 19:18:27,028: INFO: common: yaml file: params.yaml loaded successfully]
[2025-09-02 19:18:27,034: INFO: common: yaml file: schema.yaml loaded successfully]
[2025-09-02 19:18:27,036: INFO: common: created directory at: artifacts]
[2025-09-02 19:18:27,037: INFO: common: created directory at: artifacts/data_validation]
[2025-09-02 19:18:27,109: INFO: main: >>>>>> stage Data Validation stage completed <<<<<<

x==========x]
[2025-09-02 19:18:27,110: INFO: main: >>>>>> stage Data Transformation stage started <<<<<<]
[2025-09-02 19:18:27,122: INFO: common: yaml file: config\config.yaml loaded successfully]
[2025-09-02 19:18:27,127: INFO: common: yaml file: params.yaml loaded successfully]
[2025-09-02 19:18:27,136: INFO: common: yaml file: schema.yaml loaded successfully]
[2025-09-02 19:18:27,138: INFO: common: created directory at: artifacts]
[2025-09-02 19:18:27,139: INFO: common: created directory at: artifacts/data_transformation]
[2025-09-02 19:18:27,182: INFO: data_transformation: Splited data into training and test sets]
[2025-09-02 19:18:27,183: INFO: data_transformation: (750, 11)]
[2025-09-02 19:18:27,184: INFO: data_transformation: (250, 11)]
[2025-09-02 19:18:27,185: INFO: main: >>>>>> stage Data Transformation stage completed <<<<<<

x==========x]
[2025-09-02 19:18:27,186: INFO: main: >>>>>> stage Model Trainer stage started <<<<<<]
[2025-09-02 19:18:27,194: INFO: common: yaml file: config\config.yaml loaded successfully]
[2025-09-02 19:18:27,200: INFO: common: yaml file: params.yaml loaded successfully]
[2025-09-02 19:18:27,207: INFO: common: yaml file: schema.yaml loaded successfully]
[2025-09-02 19:18:27,209: INFO: common: created directory at: artifacts]
[2025-09-02 19:18:27,210: INFO: common: created directory at: artifacts/model_trainer]
[2025-09-02 19:18:27,287: INFO: main: >>>>>> stage Model Trainer stage completed <<<<<<

x==========x]
[2025-09-02 19:18:27,287: INFO: main: >>>>>> stage Model evaluation stage started <<<<<<]
[2025-09-02 19:18:27,294: INFO: common: yaml file: config\config.yaml loaded successfully]
[2025-09-02 19:18:27,300: INFO: common: yaml file: params.yaml loaded successfully]
[2025-09-02 19:18:27,305: INFO: common: yaml file: schema.yaml loaded successfully]
[2025-09-02 19:18:27,307: INFO: common: created directory at: artifacts]
[2025-09-02 19:18:27,308: INFO: common: created directory at: artifacts/model_evaluation]
[2025-09-02 19:18:29,360: INFO: _client: HTTP Request: GET https://dagshub.com/api/v1/user "HTTP/1.1 200 OK"]
[2025-09-02 19:18:29,365: INFO: helpers: Accessing as narraranjith22]
[2025-09-02 19:18:32,324: INFO: _client: HTTP Request: GET https://dagshub.com/api/v1/repos/narraranjith22/cibil_score_prediction "HTTP/1.1 200 OK"]
[2025-09-02 19:18:33,552: INFO: _client: HTTP Request: GET https://dagshub.com/api/v1/user "HTTP/1.1 200 OK"]
[2025-09-02 19:18:33,556: INFO: helpers: Initialized MLflow to track repo "narraranjith22/cibil_score_prediction"]
[2025-09-02 19:18:33,558: INFO: helpers: Repository narraranjith22/cibil_score_prediction initialized!]
[2025-09-02 19:18:35,436: INFO: common: json file saved at: artifacts\model_evaluation\metrics.json]
[2025-09-02 19:18:42,461: INFO: main: >>>>>> stage Model evaluation stage completed <<<<<<

x==========x]
[2025-09-02 19:19:33,832: INFO: main: >>>>>> stage Data Ingestion stage started <<<<<<]
[2025-09-02 19:19:33,840: INFO: common: yaml file: config\config.yaml loaded successfully]
[2025-09-02 19:19:33,868: INFO: common: yaml file: params.yaml loaded successfully]
[2025-09-02 19:19:33,873: INFO: common: yaml file: schema.yaml loaded successfully]
[2025-09-02 19:19:33,875: INFO: common: created directory at: artifacts]
[2025-09-02 19:19:33,876: INFO: common: created directory at: artifacts/data_ingestion]
[2025-09-02 19:19:33,877: INFO: data_ingestion: File already exists of size: ~ 27 KB]
[2025-09-02 19:19:33,889: INFO: main: >>>>>> stage Data Ingestion stage completed <<<<<<

x==========x]
[2025-09-02 19:19:33,889: INFO: main: >>>>>> stage Data Validation stage started <<<<<<]
[2025-09-02 19:19:33,896: INFO: common: yaml file: config\config.yaml loaded successfully]
[2025-09-02 19:19:33,901: INFO: common: yaml file: params.yaml loaded successfully]
[2025-09-02 19:19:33,906: INFO: common: yaml file: schema.yaml loaded successfully]
[2025-09-02 19:19:33,907: INFO: common: created directory at: artifacts]
[2025-09-02 19:19:33,908: INFO: common: created directory at: artifacts/data_validation]
[2025-09-02 19:19:33,976: INFO: main: >>>>>> stage Data Validation stage completed <<<<<<

x==========x]
[2025-09-02 19:19:33,977: INFO: main: >>>>>> stage Data Transformation stage started <<<<<<]
[2025-09-02 19:19:33,984: INFO: common: yaml file: config\config.yaml loaded successfully]
[2025-09-02 19:19:33,987: INFO: common: yaml file: params.yaml loaded successfully]
[2025-09-02 19:19:33,991: INFO: common: yaml file: schema.yaml loaded successfully]
[2025-09-02 19:19:33,992: INFO: common: created directory at: artifacts]
[2025-09-02 19:19:33,993: INFO: common: created directory at: artifacts/data_transformation]
[2025-09-02 19:19:34,018: INFO: data_transformation: Splited data into training and test sets]
[2025-09-02 19:19:34,018: INFO: data_transformation: (750, 11)]
[2025-09-02 19:19:34,019: INFO: data_transformation: (250, 11)]
[2025-09-02 19:19:34,019: INFO: main: >>>>>> stage Data Transformation stage completed <<<<<<

x==========x]
[2025-09-02 19:19:34,020: INFO: main: >>>>>> stage Model Trainer stage started <<<<<<]
[2025-09-02 19:19:34,029: INFO: common: yaml file: config\config.yaml loaded successfully]
[2025-09-02 19:19:34,034: INFO: common: yaml file: params.yaml loaded successfully]
[2025-09-02 19:19:34,039: INFO: common: yaml file: schema.yaml loaded successfully]
[2025-09-02 19:19:34,040: INFO: common: created directory at: artifacts]
[2025-09-02 19:19:34,041: INFO: common: created directory at: artifacts/model_trainer]
[2025-09-02 19:19:34,105: INFO: main: >>>>>> stage Model Trainer stage completed <<<<<<

x==========x]
[2025-09-02 19:19:34,107: INFO: main: >>>>>> stage Model evaluation stage started <<<<<<]
[2025-09-02 19:19:34,113: INFO: common: yaml file: config\config.yaml loaded successfully]
[2025-09-02 19:19:34,118: INFO: common: yaml file: params.yaml loaded successfully]
[2025-09-02 19:19:34,123: INFO: common: yaml file: schema.yaml loaded successfully]
[2025-09-02 19:19:34,125: INFO: common: created directory at: artifacts]
[2025-09-02 19:19:34,126: INFO: common: created directory at: artifacts/model_evaluation]
[2025-09-02 19:19:38,825: INFO: _client: HTTP Request: GET https://dagshub.com/api/v1/user "HTTP/1.1 200 OK"]
[2025-09-02 19:19:38,832: INFO: helpers: Accessing as narraranjith22]
[2025-09-02 19:19:41,267: INFO: _client: HTTP Request: GET https://dagshub.com/api/v1/repos/narraranjith22/cibil_score_prediction "HTTP/1.1 200 OK"]
[2025-09-02 19:19:43,798: INFO: _client: HTTP Request: GET https://dagshub.com/api/v1/user "HTTP/1.1 200 OK"]
[2025-09-02 19:19:43,803: INFO: helpers: Initialized MLflow to track repo "narraranjith22/cibil_score_prediction"]
[2025-09-02 19:19:43,804: INFO: helpers: Repository narraranjith22/cibil_score_prediction initialized!]
[2025-09-02 19:19:45,795: INFO: common: json file saved at: artifacts\model_evaluation\metrics.json]
[2025-09-02 19:19:53,019: INFO: main: >>>>>> stage Model evaluation stage completed <<<<<<

x==========x]
